"";"Localidad";"Ind_localidad";"DAP_cm";"Altura_m";"WD";"X";"Y";"Parcela"
"3660";"Anori";"11_2";32,5;NA;0,445375;22;5;"Anori_2_1"
"3665";"Anori";"11_7";16,81;20,88;0,8615;28,2462;10,4137;"Anori_2_1"
"3671";"Anori";"11_15";28,81;NA;0,578086944;31,25;15,25;"Anori_2_1"
"3676";"Anori";"11_20";37,12;NA;0,590804235;34;15,25;"Anori_2_1"
"3682";"Anori";"11_26";13,11;16,2;0,56821129;34;4;"Anori_2_1"
"3690";"Anori";"11_34";13,47;NA;0,695;26,9999;20,9677;"Anori_2_2"
"3695";"Anori";"11_39";30,84;16,25;0,510402667;34,5;23,75;"Anori_2_2"
"3700";"Anori";"11_44";25,66;NA;0,590807018;21,023;29,829;"Anori_2_2"
"3706";"Anori";"11_50";10,57;NA;0,445375;38,5;31;"Anori_2_2"
"3711";"Anori";"11_55";14,45;NA;0,647;39;38,5;"Anori_2_2"
"3716";"Anori";"11_60";32,15;22,8;0,7835;34,75;43,5;"Anori_2_3"
"3721";"Anori";"11_65";18,34;NA;0,457;25,5;47,25;"Anori_2_3"
"3726";"Anori";"11_70";19,45;17,05;0,590804235;26;51;"Anori_2_3"
"3731";"Anori";"11_75";15,22;20,5;0,590804235;28,25;59,5;"Anori_2_3"
"3736";"Anori";"11_80";11,17;NA;0,590804235;35,25;51;"Anori_2_3"
"3741";"Anori";"11_85";37,02;25,99;0,590804235;37,5;59,5;"Anori_2_3"
"3746";"Anori";"11_90";16,08;17,85;0,539081638;33;55,5;"Anori_2_3"
"3751";"Anori";"11_95";10,5;NA;0,629222222;37,5;63;"Anori_2_4"
"3756";"Anori";"11_100";19,96;17,42;0,56821129;33,75;65,25;"Anori_2_4"
"3761";"Anori";"11_105";15,47;NA;0,825263021;24,5;65,5;"Anori_2_4"
"3766";"Anori";"11_110";10,4;NA;0,458531818;20,5;65;"Anori_2_4"
"3771";"Anori";"11_115";29,48;21,61;0,700799975;22,5;72,5;"Anori_2_4"
"3777";"Anori";"11_121";17,38;NA;0,590804235;39;79,5;"Anori_2_4"
"3783";"Anori";"11_127";13,62;NA;0,590804235;32,25;88,75;"Anori_2_5"
"3788";"Anori";"11_132";16,87;NA;0,488133333;22;86,5;"Anori_2_5"
"3793";"Anori";"11_137";20,75;13,13;0,590804235;21;99;"Anori_2_5"
"3798";"Anori";"11_142";10,63;NA;0,7835;26,75;93,75;"Anori_2_5"
"3803";"Anori";"11_147";20,98;16;0,590804235;33;92;"Anori_2_5"
"3808";"Anori";"11_152";14,71;14,44;0,457;34;95,5;"Anori_2_5"
"3813";"Anori";"11_157";13,11;NA;0,590804235;37;92;"Anori_2_5"
"3818";"Anori";"11_162";14,01;NA;0,590804235;54,75;2,75;"Anori_3_1"
"3823";"Anori";"11_167";18,88;NA;0,514030303;41;0,5;"Anori_3_1"
"3828";"Anori";"11_172";31,07;NA;0,7835;47,943;12,379;"Anori_3_1"
"3833";"Anori";"11_177";10,5;NA;0,578086944;50,5;13,5;"Anori_3_1"
"3838";"Anori";"11_182";17,41;NA;0,539081638;58;10,5;"Anori_3_1"
"3843";"Anori";"11_187";14,83;NA;0,695;58,5;18,5;"Anori_3_1"
"3848";"Anori";"11_192";12,96;NA;0,619;59;22,75;"Anori_3_2"
"3854";"Anori";"11_198";14,67;13,13;0,590804235;51;26;"Anori_3_2"
"3859";"Anori";"11_203";14,23;NA;0,603;40,75;20,75;"Anori_3_2"
"3864";"Anori";"11_208";17,38;20;0,457;46,5;30,75;"Anori_3_2"
"3869";"Anori";"11_213";12,26;17;0,52;53,25;38;"Anori_3_2"
"3875";"Anori";"11_219";28,11;NA;0,700799975;59;46;"Anori_3_3"
"3880";"Anori";"11_224";26,01;NA;0,445375;51,5;42,5;"Anori_3_3"
"3885";"Anori";"11_229";11,62;13,54;0,71;47,864;48,737;"Anori_3_3"
"3891";"Anori";"11_235";10,98;NA;0,568825304;41,636;41,837;"Anori_3_3"
"3896";"Anori";"11_240";20,53;NA;0,457;45;58,5;"Anori_3_3"
"3901";"Anori";"11_245";31,9;21,85;0,52;57;52;"Anori_3_3"
"3906";"Anori";"11_250";12,45;NA;0,568825304;58;61;"Anori_3_4"
"3911";"Anori";"11_255";13,43;NA;0,590804235;52,5;64,75;"Anori_3_4"
"3916";"Anori";"11_260";16,04;NA;0,56821129;47;60,5;"Anori_3_4"
"3921";"Anori";"11_265";10,89;14,05;0,629222222;46,5;68;"Anori_3_4"
"3927";"Anori";"11_271";12,06;NA;0,695;42;77;"Anori_3_4"
"3932";"Anori";"11_276";15,98;NA;0,590804235;55;76,5;"Anori_3_4"
"3937";"Anori";"11_281";12,35;NA;0,629222222;53;71,5;"Anori_3_4"
"3942";"Anori";"11_286";15,34;NA;0,825;57,5;76;"Anori_3_4"
"3947";"Anori";"11_291";17,28;NA;0,7835;59,5144;85;"Anori_3_5"
"3952";"Anori";"11_296";32,15;NA;0,590804235;54,5;87;"Anori_3_5"
"3957";"Anori";"11_301";20,72;NA;0,825;50,5;87,5;"Anori_3_5"
"3962";"Anori";"11_306";14,23;NA;0,590804235;44,5;84;"Anori_3_5"
"3967";"Anori";"11_311";20,34;NA;0,7835;44;91,5;"Anori_3_5"
"3972";"Anori";"11_316";11,36;NA;0,687841172;40,25;99;"Anori_3_5"
"3977";"Anori";"11_321";15,69;NA;0,629222222;42;98;"Anori_3_5"
"3982";"Anori";"11_326";14,96;NA;0,700799975;50,25;91,5;"Anori_3_5"
"3987";"Anori";"11_331";17,67;16,2;0,8615;55;94;"Anori_3_5"
"3992";"Anori";"11_337";11,3;NA;0,49;57,5;97,5;"Anori_3_5"
"3997";"Anori";"11_342";14,04;16,08;0,619;76;4,5;"Anori_4_1"
"4002";"Anori";"11_347";14,64;NA;0,629222222;72,5;5,25;"Anori_4_1"
"4007";"Anori";"11_352";16,97;NA;0,700799975;63,5;2,5;"Anori_4_1"
"4012";"Anori";"11_357";16,97;13,15;0,52;61,5;3;"Anori_4_1"
"4018";"Anori";"11_363";13,27;NA;0,49;66;7;"Anori_4_1"
"4023";"Anori";"11_368";21,65;NA;0,578086944;67;16;"Anori_4_1"
"4028";"Anori";"11_374";17,89;17,2;0,590804235;71;18;"Anori_4_1"
"4033";"Anori";"11_379";14,74;16,55;0,776833333;76;18,75;"Anori_4_1"
"4038";"Anori";"11_384";11,08;15,7;0,590804235;77;25,5;"Anori_4_2"
"4043";"Anori";"11_389";15,34;13,4;0,629222222;73,5;29,5;"Anori_4_2"
"4049";"Anori";"11_395";14,1;15,5;0,665168724;63;28;"Anori_4_2"
"4054";"Anori";"11_400";12,96;13,01;0,457;66,9287;20,6065;"Anori_4_2"
"4059";"Anori";"11_405";23,14;NA;0,579127778;60,5;39,5;"Anori_4_2"
"4064";"Anori";"11_410";10,41;NA;0,562449275;77,5;39,25;"Anori_4_2"
"4069";"Anori";"11_415";18,59;15,3;0,695;77;46,5;"Anori_4_3"
"4074";"Anori";"11_420";12,26;NA;0,49;72,5;43;"Anori_4_3"
"4079";"Anori";"11_425";12,32;NA;0,609456771;74,5;49,5;"Anori_4_3"
"4084";"Anori";"11_430";12,61;NA;0,79817;68;46;"Anori_4_3"
"4089";"Anori";"11_435";16,68;14,3;0,825;66,25;42,25;"Anori_4_3"
"4094";"Anori";"11_440";27,92;26,21;0,700799975;61;41,5;"Anori_4_3"
"4099";"Anori";"11_445";11,91;NA;0,590804235;61,5;48;"Anori_4_3"
"4104";"Anori";"11_450";13,08;NA;0,695;60,25;59;"Anori_4_3"
"4109";"Anori";"11_456";11,14;NA;0,79817;71;55,25;"Anori_4_3"
"4114";"Anori";"11_461";13,69;NA;0,695;78,5;58,5;"Anori_4_3"
"4119";"Anori";"11_466";14,61;NA;0,695;79,4951;61;"Anori_4_4"
"4124";"Anori";"11_471";13,59;NA;0,700799975;79;68,5;"Anori_4_4"
"4129";"Anori";"11_476";12,89;NA;0,590804235;73;61,5;"Anori_4_4"
"4134";"Anori";"11_481";15,92;NA;0,825;64,75;69,75;"Anori_4_4"
"4139";"Anori";"11_486";19,16;15,16;0,695;68,5;60,5;"Anori_4_4"
"4144";"Anori";"11_491";11,56;13,88;0,56821129;60,5;71;"Anori_4_4"
"4149";"Anori";"11_496";10,76;NA;0,590804235;64;78,5;"Anori_4_4"
"4154";"Anori";"11_501";11,17;NA;0,722760274;69;73;"Anori_4_4"
"4159";"Anori";"11_506";21,65;NA;0,771333333;79;78;"Anori_4_4"
"4164";"Anori";"11_511";28,93;19,78;0,466666667;75,5;75,5;"Anori_4_4"
"4169";"Anori";"11_516";15,02;NA;0,7835;74,5;83;"Anori_4_5"
"4174";"Anori";"11_521";18,37;14,3;0,590804235;69,828;87,471;"Anori_4_5"
"4179";"Anori";"11_526";16,23;NA;0,700799975;69;84,5;"Anori_4_5"
"4184";"Anori";"11_531";29,09;24,9;0,700799975;62,5;85,5;"Anori_4_5"
"4189";"Anori";"11_536";16,78;13,2;0,700799975;60;90,5;"Anori_3_5"
"4194";"Anori";"11_541";12,45;NA;0,825263021;62;95,5;"Anori_4_5"
"4199";"Anori";"11_546";11,01;NA;0,590804235;67;98;"Anori_4_5"
"4204";"Anori";"11_551";13,15;NA;0,45;78,25;94,75;"Anori_4_5"
"4209";"Anori";"11_556";12,16;NA;0,539081638;99;7,75;"Anori_5_1"
"4214";"Anori";"11_561";15,22;NA;0,695;94,75;4,75;"Anori_5_1"
"4219";"Anori";"11_566";16,01;14,5;0,457;90,25;8;"Anori_5_1"
"4224";"Anori";"11_571";13,5;18;0,825;86,25;6,75;"Anori_5_1"
"4229";"Anori";"11_576";12,86;NA;0,466666667;83;10;"Anori_5_1"
"4234";"Anori";"11_581";15,28;NA;0,695;86,5;13;"Anori_5_1"
"4239";"Anori";"11_586";15,98;NA;0,457;81,25;17;"Anori_5_1"
"4245";"Anori";"11_592";12,22;NA;0,378;88,5;18,5;"Anori_5_1"
"4250";"Anori";"11_597";15,09;20,1;0,485664744;89,25;10,5;"Anori_5_1"
"4255";"Anori";"11_602";11,21;NA;0,695;94,5;12,5;"Anori_5_1"
"4260";"Anori";"11_607";16,65;NA;0,56821129;97;11,5;"Anori_5_1"
"4265";"Anori";"11_612";17,51;NA;0,562449275;94;23;"Anori_5_2"
"4270";"Anori";"11_617";16,33;NA;0,56821129;96,4229;20,6938;"Anori_5_2"
"4275";"Anori";"11_622";11,33;NA;0,485664744;83,5;23,75;"Anori_5_2"
"4280";"Anori";"11_627";11,78;NA;0,812257292;82;30,5197;"Anori_5_2"
"4285";"Anori";"11_632";12,26;14;0,568825304;84;34,75;"Anori_5_2"
"4290";"Anori";"11_637";20,18;16,5;0,457;89,5291;35,1674;"Anori_5_2"
"4295";"Anori";"11_642";16,87;NA;0,49;84;38,5;"Anori_5_2"
"4300";"Anori";"11_647";23,97;NA;0,458531818;92;39,75;"Anori_5_2"
"4305";"Anori";"11_653";12,38;NA;0,695;94;32;"Anori_5_2"
"4310";"Anori";"11_658";13,08;NA;0,676428571;94,75;43,5;"Anori_5_3"
"4315";"Anori";"11_663";15,47;NA;0,825;98,5;48;"Anori_5_3"
"4321";"Anori";"11_669";12,29;NA;0,46;87;46;"Anori_5_3"
"4326";"Anori";"11_674";11,71;12,44;0,579127778;84;42,5;"Anori_5_3"
"4332";"Anori";"11_680";13,66;NA;0,539081638;83,5;51,75;"Anori_5_3"
"4337";"Anori";"11_685";20,69;NA;0,539081638;85,75;51,5;"Anori_5_3"
"4342";"Anori";"11_690";11,27;NA;0,49;89;54,5;"Anori_5_3"
"4348";"Anori";"11_696";15,73;13,48;0,825;92,25;57;"Anori_5_3"
"4353";"Anori";"11_701";14,2;NA;0,590804235;98;55,75;"Anori_5_3"
"4358";"Anori";"11_706";18,78;NA;0,466666667;96,5;66,75;"Anori_5_4"
"4363";"Anori";"11_711";12,64;NA;0,629222222;84,5;67;"Anori_5_4"
"4368";"Anori";"11_716";11,11;NA;0,590804235;85,5;60,5;"Anori_5_4"
"4373";"Anori";"11_721";14,32;NA;0,562449275;81,5;61;"Anori_5_4"
"4378";"Anori";"11_726";20,79;NA;0,700799975;84;76;"Anori_5_4"
"4383";"Anori";"11_731";20,6;NA;0,7835;94;77,5;"Anori_5_4"
"4388";"Anori";"11_736";12;13,9;0,539081638;96;82,5;"Anori_5_5"
"4394";"Anori";"11_742";12,22;NA;0,695;93,5;87,5;"Anori_5_5"
"4399";"Anori";"11_747";18,43;18;0,753333333;88,5;82;"Anori_5_5"
"4404";"Anori";"11_752";31,51;NA;0,457;88,5;89,5;"Anori_5_5"
"4409";"Anori";"11_757";12,48;14,09;0,579127778;88;94;"Anori_5_5"
"4414";"Anori";"11_762";13,24;NA;0,590804235;86,5;98;"Anori_5_5"
"4419";"Anori";"11_767";13,31;14,71;0,611854167;94;96,5;"Anori_5_5"
"4424";"Anori";"11_772";10,98;NA;0,695;98;93;"Anori_5_5"
"4429";"Anori";"11_777";12,03;21,3;0,539081638;18,5;3;"Anori_1_1"
"4436";"Anori";"11_784";12,32;NA;0,578086944;7,5;4,5;"Anori_1_1"
"4442";"Anori";"11_790";11,78;NA;0,408433333;0,5;16;"Anori_1_1"
"4447";"Anori";"11_795";41,09;28,88;0,590804235;14,5;13;"Anori_1_1"
"4454";"Anori";"11_802";16,46;18,29;0,514030303;11,5;27,5;"Anori_1_2"
"4459";"Anori";"11_807";29,09;NA;0,539081638;2;25;"Anori_1_2"
"4465";"Anori";"11_814";18,37;22,5;0,578086944;2;30,5;"Anori_1_2"
"4471";"Anori";"11_820";10,66;15,83;0,578086944;14;31;"Anori_1_2"
"4476";"Anori";"11_825";19,96;NA;0,590804235;12;38;"Anori_1_2"
"4482";"Anori";"11_831";17,03;NA;0,629222222;12;48;"Anori_1_3"
"4489";"Anori";"11_838";10,79;15,26;0,578086944;5,5;58;"Anori_1_3"
"4494";"Anori";"11_843";12,89;17,42;0,52;12,5;52;"Anori_1_3"
"4499";"Anori";"11_848";11,56;NA;0,54;16,5;59;"Anori_1_3"
"4504";"Anori";"11_853";12,19;NA;0,812257292;17,5;52;"Anori_1_3"
"4510";"Anori";"11_859";10,82;13,6;0,405041667;15,5;66;"Anori_1_4"
"4516";"Anori";"11_865";16,81;NA;0,590804235;4,5;61,5;"Anori_1_4"
"4521";"Anori";"11_870";18,46;NA;0,590804235;3;75,5;"Anori_1_4"
"4527";"Anori";"11_878";14,39;NA;0,590804235;19;81;"Anori_1_5"
"4534";"Anori";"11_885";17,63;14,92;0,52;4;86;"Anori_1_5"
"4540";"Anori";"11_892";14,48;20,73;0,590804235;1;85;"Anori_1_5"
"4545";"Anori";"11_898";17,89;14,4;0,578086944;4;99,5;"Anori_1_5"
"6236";"Anori";"11_102A";15,06;NA;0,590804235;29,5;67,5;"Anori_2_4"
"6289";"Anori";"11_228B";10,22;NA;0,590804235;55,25;48,5;"Anori_3_3"
"6450";"Anori";"11_301A";25,21014299;NA;0,539081638;56,5;89,5;"Anori_3_5"
"6455";"Anori";"11_37A";18,65;NA;0,812257292;22,9677;28,2582;"Anori_2_2"
"6461";"Anori";"11_60A";15,88;NA;0,568825304;35;43,75;"Anori_2_3"
"8562";"Caicedo";"15_1";20,5;21;0,339835034;1,9631;1,3283;"Caicedo_1_1"
"8567";"Caicedo";"15_7";11,11;NA;0,514030303;1,3743;8,4439;"Caicedo_1_1"
"8572";"Caicedo";"15_13";63,5;NA;0,539081638;7,8265;6,4073;"Caicedo_1_1"
"8578";"Caicedo";"15_20";17,99;14;0,590804235;14,8877;15,5589;"Caicedo_1_1"
"8583";"Caicedo";"15_25";29,89;23;0,339835034;17,0109;10,4569;"Caicedo_1_1"
"8588";"Caicedo";"15_30";11,87;NA;0,611854167;13,4625;6,9337;"Caicedo_1_1"
"8593";"Caicedo";"15_35";19,74;NA;0,514030303;0,0553;21,1715;"Caicedo_1_2"
"8598";"Caicedo";"15_41";30,69;NA;0,539081638;1,7269;25,1421;"Caicedo_1_2"
"8603";"Caicedo";"15_47";25,24;NA;0,676428571;5,1463;28,5385;"Caicedo_1_2"
"8608";"Caicedo";"15_54";19,67;NA;0,539081638;7,1001;22,4463;"Caicedo_1_2"
"8613";"Caicedo";"15_59";15,76;18;0,539081638;3,4919;30,1861;"Caicedo_1_2"
"8618";"Caicedo";"15_64";13,88;NA;0,69;0,0663;34,9781;"Caicedo_1_2"
"8623";"Caicedo";"15_69";10,82;NA;0,539081638;5,8013;37,7137;"Caicedo_1_2"
"8628";"Caicedo";"15_75";15,28;NA;0,51175;9,2749;35,1445;"Caicedo_1_2"
"8633";"Caicedo";"15_80";20,25;NA;0,394552976;10,0343;33,6801;"Caicedo_1_2"
"8638";"Caicedo";"15_85";11,94;NA;0,69;11,8867;37,6343;"Caicedo_1_2"
"8643";"Caicedo";"15_90";11,62;NA;0,563114975;17,4013;32,2903;"Caicedo_1_2"
"8648";"Caicedo";"15_96";28,04;NA;0,539081638;12,9827;23,5735;"Caicedo_1_2"
"8653";"Caicedo";"15_101";11,3;NA;0,51175;12,9485;27,2545;"Caicedo_1_2"
"8658";"Caicedo";"15_107";12,06;15;0,578086944;18,6895;28,4293;"Caicedo_1_2"
"8663";"Caicedo";"15_113";33,26;NA;0,394552976;0,0665;43,9717;"Caicedo_1_3"
"8668";"Caicedo";"15_118";13,72;14;0,563114975;7,5579;45,0251;"Caicedo_1_3"
"8673";"Caicedo";"15_124";17,13;NA;0,611854167;9,4195;41,3759;"Caicedo_1_3"
"8678";"Caicedo";"15_129";16,27;NA;0,590804235;5,9977;42,0091;"Caicedo_1_3"
"8683";"Caicedo";"15_134";12,86;NA;0,615666667;4,2699;53,6241;"Caicedo_1_3"
"8688";"Caicedo";"15_139";16,46;21,75;0,611854167;1,4843;52,2909;"Caicedo_1_3"
"8693";"Caicedo";"15_144";24,89;NA;0,676428571;3,9763;58,9439;"Caicedo_1_3"
"8698";"Caicedo";"15_149";21,17;NA;0,504583333;6,4445;57,1263;"Caicedo_1_3"
"8703";"Caicedo";"15_157";14,9;15,2;0,563114975;12,5663;52,7097;"Caicedo_1_3"
"8708";"Caicedo";"15_162";16,58;16;0,453333333;10,4607;59,1855;"Caicedo_1_3"
"8713";"Caicedo";"15_167";14,17;NA;0,611854167;18,2725;55,0605;"Caicedo_1_3"
"8718";"Caicedo";"15_172";19,74;13,75;0,611854167;10,2635;44,9927;"Caicedo_1_3"
"8723";"Caicedo";"15_177";10,38;NA;0,55;18,0277;49,7115;"Caicedo_1_3"
"8728";"Caicedo";"15_182";11,05;NA;0,539081638;18,6747;44,1275;"Caicedo_1_3"
"8733";"Caicedo";"15_187";18,46;14,75;0,539081638;18,8055;40,0637;"Caicedo_1_3"
"8738";"Caicedo";"15_193";11,81;NA;0,539081638;3,0725;61,2337;"Caicedo_1_4"
"8743";"Caicedo";"15_198";26,61;14;0,539081638;0,0787;65,2173;"Caicedo_1_4"
"8748";"Caicedo";"15_203";15,09;NA;0,611854167;2,8925;69,7259;"Caicedo_1_4"
"8753";"Caicedo";"15_208";15,15;15;0,611854167;8,0541;62,5107;"Caicedo_1_4"
"8758";"Caicedo";"15_215";19,04;NA;0,51175;4,4447;74,0065;"Caicedo_1_4"
"8763";"Caicedo";"15_220";16,52;13,5;0,4075;2,7371;76,8423;"Caicedo_1_4"
"8768";"Caicedo";"15_226";33,42;24;0,453333333;12,7903;73,0599;"Caicedo_1_4"
"8773";"Caicedo";"15_231";40,04;14;0,676428571;16,6555;77,1105;"Caicedo_1_4"
"8778";"Caicedo";"15_236";16,49;16,7;0,611854167;16,1593;70,3089;"Caicedo_1_4"
"8783";"Caicedo";"15_242";12,86;NA;0,611854167;11,9519;64,8865;"Caicedo_1_4"
"8788";"Caicedo";"15_248";12,13;NA;0,611854167;18,7209;69,1711;"Caicedo_1_4"
"8793";"Caicedo";"15_255";10,19;NA;0,678;15,3021;61,3037;"Caicedo_1_4"
"8798";"Caicedo";"15_260";26,64;14;0,676428571;1,2041;82,9557;"Caicedo_1_5"
"8803";"Caicedo";"15_265";22,79;17;0,539081638;8,9905;89,3215;"Caicedo_1_5"
"8808";"Caicedo";"15_270";12,41;NA;0,55;8,7441;81,9559;"Caicedo_1_5"
"8813";"Caicedo";"15_275";15,57;14;0,611854167;2,0397;91,9269;"Caicedo_1_5"
"8818";"Caicedo";"15_280";16,71;NA;0,590804235;8,6449;98,6511;"Caicedo_1_5"
"8823";"Caicedo";"15_285";18,62;12;0,71;14,1329;93,0551;"Caicedo_1_5"
"8828";"Caicedo";"15_290";11,59;NA;0,590804235;18,5927;97,4235;"Caicedo_1_5"
"8833";"Caicedo";"15_295";21,1;15;0,611854167;16,8573;90,1151;"Caicedo_1_5"
"8838";"Caicedo";"15_300";10,19;12;0,563114975;11,3247;80,1855;"Caicedo_1_5"
"8843";"Caicedo";"15_305";16,01;16;0,611854167;19,5957;80,7957;"Caicedo_1_5"
"8849";"Caicedo";"15_312";14,67;14;0,43;29,8019;1,9761;"Caicedo_2_1"
"8854";"Caicedo";"15_318";19,19;15;0,590804235;22,7561;15,8491;"Caicedo_2_1"
"8859";"Caicedo";"15_323";10,66;NA;0,590804235;25,9941;13,9615;"Caicedo_2_1"
"8864";"Caicedo";"15_328";12,29;17;0,419833333;30,4389;16,0759;"Caicedo_2_1"
"8870";"Caicedo";"15_335";19,74;17;0,590804235;36,3957;10,7219;"Caicedo_2_1"
"8875";"Caicedo";"15_341";39,41;30;0,5893125;35,1321;9,0529;"Caicedo_2_1"
"8880";"Caicedo";"15_346";10,47;13;0,453333333;35,9561;5,5801;"Caicedo_2_1"
"8885";"Caicedo";"15_351";11,84;NA;0,563114975;24,1189;20,4387;"Caicedo_2_2"
"8890";"Caicedo";"15_356";20,25;NA;0,539081638;24,6621;27,7323;"Caicedo_2_2"
"8896";"Caicedo";"15_362";17,38;NA;0,5392;23,0807;30,1009;"Caicedo_2_2"
"8901";"Caicedo";"15_367";11,43;NA;0,563114975;23,0087;32,6875;"Caicedo_2_2"
"8907";"Caicedo";"15_373";16,46;NA;0,563114975;22,7071;35,9643;"Caicedo_2_2"
"8912";"Caicedo";"15_379";33,39;NA;0,539081638;24,0325;36,4745;"Caicedo_2_2"
"8917";"Caicedo";"15_384";13,11;NA;0,405041667;27,5315;35,5687;"Caicedo_2_2"
"8922";"Caicedo";"15_389";13,18;NA;0,563114975;30,8881;31,1369;"Caicedo_2_2"
"8927";"Caicedo";"15_394";11,4;NA;0,615666667;30,2261;36,0225;"Caicedo_2_2"
"8932";"Caicedo";"15_402";17,41;15;0,563114975;38,1889;37,5845;"Caicedo_2_2"
"8937";"Caicedo";"15_407";20,63;NA;0,58;36,6665;33,7951;"Caicedo_2_2"
"8942";"Caicedo";"15_413";13,43;NA;0,47;36,7631;29,7969;"Caicedo_2_2"
"8947";"Caicedo";"15_418";11,4;NA;0,563114975;22,9565;41,9861;"Caicedo_2_3"
"8952";"Caicedo";"15_423";24,06;20;0,611854167;23,5847;45,0883;"Caicedo_2_3"
"8957";"Caicedo";"15_428";12,92;NA;0,69;27,7555;48,8699;"Caicedo_2_3"
"8962";"Caicedo";"15_433";13,47;15;0,563114975;26,2231;41,6967;"Caicedo_2_3"
"8967";"Caicedo";"15_438";10,15;NA;0,69;21,2047;59,4901;"Caicedo_2_3"
"8972";"Caicedo";"15_443";12,57;NA;0,405041667;27,5813;55,2517;"Caicedo_2_3"
"8977";"Caicedo";"15_448";27,06;NA;0,539081638;34,5015;54,6411;"Caicedo_2_3"
"8982";"Caicedo";"15_453";21,36;16;0,539081638;35,2519;55,5371;"Caicedo_2_3"
"8987";"Caicedo";"15_458";13,47;NA;0,539081638;38,6123;57,2253;"Caicedo_2_3"
"8992";"Caicedo";"15_463";12,1;14;0,590807018;38,0289;54,8417;"Caicedo_2_3"
"8997";"Caicedo";"15_468";25,15;16;0,539081638;36,5047;50,7993;"Caicedo_2_3"
"9002";"Caicedo";"15_473";10,57;NA;0,395;31,7381;44,7953;"Caicedo_2_3"
"9007";"Caicedo";"15_478";17,89;NA;0,5392;39,1045;48,5957;"Caicedo_2_3"
"9012";"Caicedo";"15_483";10,82;NA;0,611854167;20,5215;65,2423;"Caicedo_2_4"
"9017";"Caicedo";"15_488";12,92;13;0,611854167;25,0331;66,3061;"Caicedo_2_4"
"9022";"Caicedo";"15_493";14,93;13;0,563114975;28,7215;62,5695;"Caicedo_2_4"
"9027";"Caicedo";"15_498";14,99;NA;0,405041667;23,3653;70,2061;"Caicedo_2_4"
"9032";"Caicedo";"15_503";13,47;NA;0,611854167;22,8727;79,3873;"Caicedo_2_4"
"9037";"Caicedo";"15_508";17,86;NA;0,539081638;27,7015;77,4417;"Caicedo_2_4"
"9042";"Caicedo";"15_514";14,58;14;0,771333333;34,3375;72,1263;"Caicedo_2_4"
"9047";"Caicedo";"15_519";12,16;NA;0,5392;32,4237;77,7603;"Caicedo_2_4"
"9052";"Caicedo";"15_525";22,28;NA;0,590804235;39,7731;70,0557;"Caicedo_2_4"
"9057";"Caicedo";"15_530";20,72;14;0,539081638;31,1103;62,9117;"Caicedo_2_4"
"9062";"Caicedo";"15_535";16,23;15;0,611854167;38,0613;68,1985;"Caicedo_2_4"
"9067";"Caicedo";"15_540";17,73;13;0,563114975;22,2701;85,0055;"Caicedo_2_5"
"9072";"Caicedo";"15_546";13,31;NA;0,55;26,4607;84,9981;"Caicedo_2_5"
"9077";"Caicedo";"15_551";25,78;NA;0,539081638;24,2391;90,2133;"Caicedo_2_5"
"9082";"Caicedo";"15_556";14,52;NA;0,611854167;22,3141;96,8785;"Caicedo_2_5"
"9088";"Caicedo";"15_562";25,08;NA;0,408433333;27,2753;98,0361;"Caicedo_2_5"
"9095";"Caicedo";"15_569";13,53;13,5;0,590804235;30,1059;90,1819;"Caicedo_2_5"
"9101";"Caicedo";"15_575";16,55;NA;0,69;30,2781;96,9957;"Caicedo_2_5"
"9107";"Caicedo";"15_583";15,63;NA;0,611854167;31,6717;83,4117;"Caicedo_2_5"
"9114";"Caicedo";"15_590";27,38;NA;0,539081638;40,8177;4,0979;"Caicedo_3_1"
"9119";"Caicedo";"15_595";13,97;NA;0,590804235;48,6965;9,8531;"Caicedo_3_1"
"9124";"Caicedo";"15_600";10;NA;0,3935;47,3033;1,4645;"Caicedo_3_1"
"9129";"Caicedo";"15_605";11,21;NA;0,453333333;40,0907;10,7055;"Caicedo_3_1"
"9134";"Caicedo";"15_610";18,4;13;0,590804235;40,7371;19,8765;"Caicedo_3_1"
"9139";"Caicedo";"15_615";36,89;21;0,408433333;54,1067;13,9241;"Caicedo_3_1"
"9144";"Caicedo";"15_620";17,44;NA;0,3935;59,2593;18,3267;"Caicedo_3_1"
"9149";"Caicedo";"15_626";19,04;NA;0,339835034;54,3689;3,4893;"Caicedo_3_1"
"9155";"Caicedo";"15_633";11,59;13;0,47;56,1755;5,1077;"Caicedo_3_1"
"9160";"Caicedo";"15_638";10,35;NA;0,590804235;42,5677;22,6409;"Caicedo_3_2"
"9165";"Caicedo";"15_643";29,89;22;0,504583333;48,5921;27,7123;"Caicedo_3_2"
"9170";"Caicedo";"15_648";14,96;NA;0,467139912;48,1935;24,0681;"Caicedo_3_2"
"9175";"Caicedo";"15_653";16,55;NA;0,611854167;42,6405;34,3851;"Caicedo_3_2"
"9180";"Caicedo";"15_658";11,78;NA;0,590804235;48,5109;39,1945;"Caicedo_3_2"
"9185";"Caicedo";"15_663";10;NA;0,563114975;54,7925;35,3815;"Caicedo_3_2"
"9190";"Caicedo";"15_670";24,1;16;0,539081638;59,0445;30,1807;"Caicedo_3_2"
"9195";"Caicedo";"15_675";10,22;NA;0,629222222;51,8397;25,6069;"Caicedo_3_2"
"9201";"Caicedo";"15_681";33,81;22;0,5893125;56,6501;25,1925;"Caicedo_3_2"
"9206";"Caicedo";"15_687";11,81;NA;0,590804235;44,0635;43,8155;"Caicedo_3_3"
"9211";"Caicedo";"15_692";17,99;20;0,611854167;41,3475;42,4323;"Caicedo_3_3"
"9216";"Caicedo";"15_697";12,45;NA;0,771333333;48,8839;48,0185;"Caicedo_3_3"
"9221";"Caicedo";"15_702";10,92;NA;0,69;48,1807;42,6105;"Caicedo_3_3"
"9226";"Caicedo";"15_708";35,87;NA;0,539081638;41,4559;53,5217;"Caicedo_3_3"
"9231";"Caicedo";"15_713";26,36;16;0,5392;44,3957;56,1109;"Caicedo_3_3"
"9236";"Caicedo";"15_718";38,83;NA;0,71;48,5769;55,7531;"Caicedo_3_3"
"9241";"Caicedo";"15_723";12,06;NA;0,563114975;53,5149;51,8707;"Caicedo_3_3"
"9246";"Caicedo";"15_728";21,45;NA;0,539081638;55,4297;57,6799;"Caicedo_3_3"
"9251";"Caicedo";"15_733";22,47;16;0,539081638;56,8543;55,5009;"Caicedo_3_3"
"9256";"Caicedo";"15_738";19,35;15;0,3954;56,2729;54,0151;"Caicedo_3_3"
"9261";"Caicedo";"15_744";12,99;NA;0,590804235;54,8335;46,2579;"Caicedo_3_3"
"9266";"Caicedo";"15_749";20,72;NA;0,590804235;44,0683;64,8871;"Caicedo_3_4"
"9271";"Caicedo";"15_754";10,35;NA;0,563114975;48,1387;68,9839;"Caicedo_3_4"
"9276";"Caicedo";"15_759";11,68;NA;0,563114975;44,9777;70,8927;"Caicedo_3_4"
"9281";"Caicedo";"15_764";17,51;14;0,539081638;40,4401;77,8933;"Caicedo_3_4"
"9286";"Caicedo";"15_769";11,43;NA;0,5392;46,2341;78,2381;"Caicedo_3_4"
"9291";"Caicedo";"15_774";26,61;17,8;0,71;49,2295;70,8265;"Caicedo_3_4"
"9296";"Caicedo";"15_779";15,82;NA;0,49;52,8023;73,9573;"Caicedo_3_4"
"9301";"Caicedo";"15_784";17,76;15;0,563114975;58,8721;70,8667;"Caicedo_3_4"
"9306";"Caicedo";"15_790";12,86;NA;0,771333333;51,2157;67,8961;"Caicedo_3_4"
"9311";"Caicedo";"15_795";10;NA;0,611854167;58,5083;64,4149;"Caicedo_3_4"
"9316";"Caicedo";"15_800";12,7;NA;0,514030303;44,8659;84,0095;"Caicedo_3_5"
"9321";"Caicedo";"15_805";19,89;15;0,611854167;41,0623;88,0179;"Caicedo_3_5"
"9326";"Caicedo";"15_810";24,45;13;0,5392;44,7367;90,9339;"Caicedo_3_5"
"9331";"Caicedo";"15_816";40,59;15;0,5392;47,6213;94,2795;"Caicedo_3_5"
"9336";"Caicedo";"15_821";12,16;NA;0,5392;47,5937;91,8559;"Caicedo_3_5"
"9343";"Caicedo";"15_829";15,88;19;0,3954;59,8535;97,6979;"Caicedo_3_5"
"9348";"Caicedo";"15_834";45,23;NA;0,539081638;51,2297;82,4701;"Caicedo_3_5"
"9353";"Caicedo";"15_839";11,46;NA;0,31125;51,9949;88,2621;"Caicedo_3_5"
"9358";"Caicedo";"15_845";29;NA;0,611854167;64,8129;1,4743;"Caicedo_4_1"
"9363";"Caicedo";"15_850";10,03;NA;0,678;66,0767;7,8713;"Caicedo_4_1"
"9368";"Caicedo";"15_855";28,46;NA;0,43;66,9905;5,0135;"Caicedo_4_1"
"9373";"Caicedo";"15_862";31,99;21;0,69;67,8905;14,5213;"Caicedo_4_1"
"9378";"Caicedo";"15_867";13,66;14;0,405041667;72,5283;11,2721;"Caicedo_4_1"
"9383";"Caicedo";"15_872";22,79;NA;0,539081638;77,8227;19,7819;"Caicedo_4_1"
"9388";"Caicedo";"15_877";37,56;22;0,339835034;75,7013;13,9859;"Caicedo_4_1"
"9393";"Caicedo";"15_883";11,87;NA;0,8;79,1239;9,8315;"Caicedo_4_1"
"9399";"Caicedo";"15_889";12,73;NA;0,3935;61,4963;22,8277;"Caicedo_4_2"
"9404";"Caicedo";"15_894";10,28;13;0,563114975;61,9745;28,3493;"Caicedo_4_2"
"9409";"Caicedo";"15_899";31,32;NA;0,590804235;65,2475;26,3465;"Caicedo_4_2"
"9414";"Caicedo";"15_904";29,92;NA;0,590804235;65,1591;20,0687;"Caicedo_4_2"
"9420";"Caicedo";"15_911";24,73;NA;0,590804235;69,6075;35,8353;"Caicedo_4_2"
"9427";"Caicedo";"15_918";21,61;16;0,467139912;78,1811;35,5029;"Caicedo_4_2"
"9432";"Caicedo";"15_924";17,48;20;0,578086944;73,5939;24,3577;"Caicedo_4_2"
"9438";"Caicedo";"15_930";11,56;NA;0,590804235;77,1609;23,6247;"Caicedo_4_2"
"9443";"Caicedo";"15_935";15,25;NA;0,55;62,9691;46,5991;"Caicedo_4_3"
"9448";"Caicedo";"15_940";13,4;NA;0,45;65,4705;46,1161;"Caicedo_4_3"
"9453";"Caicedo";"15_946";10,09;14;0,69;62,2521;53,6297;"Caicedo_4_3"
"9458";"Caicedo";"15_951";29,06;NA;0,408433333;64,8969;58,9071;"Caicedo_4_3"
"9463";"Caicedo";"15_958";13,02;NA;0,585666667;69,2839;53,0825;"Caicedo_4_3"
"9468";"Caicedo";"15_963";17,86;19;0,590804235;73,5315;59,0331;"Caicedo_4_3"
"9473";"Caicedo";"15_968";13,82;15;0,408433333;74,1197;41,9239;"Caicedo_4_3"
"9478";"Caicedo";"15_973";23,97;21;0,467139912;75,8603;49,7629;"Caicedo_4_3"
"9483";"Caicedo";"15_979";18,21;20;0,629222222;76,4071;40,4127;"Caicedo_4_3"
"9488";"Caicedo";"15_985";13,82;NA;0,563114975;60,9379;68,3809;"Caicedo_4_4"
"9493";"Caicedo";"15_991";17,06;17;0,408433333;63,1641;70,6367;"Caicedo_4_4"
"9498";"Caicedo";"15_996";16,17;15;0,563114975;61,7777;74,6097;"Caicedo_4_4"
"9504";"Caicedo";"15_1002";16,01;NA;0,514030303;64,4759;79,8551;"Caicedo_4_4"
"9509";"Caicedo";"15_1007";37,43;20,5;0,5392;69,1079;71,4385;"Caicedo_4_4"
"9514";"Caicedo";"15_1013";14,01;14;0,69;72,0787;78,0421;"Caicedo_4_4"
"9519";"Caicedo";"15_1018";13,05;14;0,629222222;77,6645;78,9677;"Caicedo_4_4"
"9524";"Caicedo";"15_1023";13,82;NA;0,408433333;75,5137;69,8881;"Caicedo_4_4"
"9529";"Caicedo";"15_1028";20,47;14;0,611854167;75,4999;64,0861;"Caicedo_4_4"
"9534";"Caicedo";"15_1033";10,03;NA;0,590804235;60,1277;83,6891;"Caicedo_4_5"
"9539";"Caicedo";"15_1039";10;NA;0,51175;68,4661;88,2135;"Caicedo_4_5"
"9544";"Caicedo";"15_1044";10,28;NA;0,771333333;63,7795;91,8495;"Caicedo_4_5"
"9549";"Caicedo";"15_1049";18,46;16;0,563114975;65,9369;96,8951;"Caicedo_4_5"
"9554";"Caicedo";"15_1054";22,47;NA;0,590804235;68,6777;95,7375;"Caicedo_4_5"
"9559";"Caicedo";"15_1060";14,8;NA;0,563114975;71,0229;90,1481;"Caicedo_4_5"
"9564";"Caicedo";"15_1065";10,41;13;0,563114975;76,9459;97,8429;"Caicedo_4_5"
"9569";"Caicedo";"15_1070";11,05;NA;0,69;75,0759;94,8033;"Caicedo_4_5"
"9574";"Caicedo";"15_1075";15,92;15;0,563114975;71,5547;86,3721;"Caicedo_4_5"
"9579";"Caicedo";"15_1080";40,74;NA;0,408433333;71,6789;89,5465;"Caicedo_4_5"
"9584";"Caicedo";"15_1085";15,44;17;0,408433333;82,9325;4,3229;"Caicedo_5_1"
"9589";"Caicedo";"15_1090";16,49;NA;0,43;83,3967;6,8867;"Caicedo_5_1"
"9594";"Caicedo";"15_1095";26,58;22;0,54;85,9753;5,2519;"Caicedo_5_1"
"9599";"Caicedo";"15_1100";11,46;NA;0,3935;85,9871;3,9391;"Caicedo_5_1"
"9604";"Caicedo";"15_1105";14,36;NA;0,69;80,7513;14,0047;"Caicedo_5_1"
"9609";"Caicedo";"15_1110";24,99;NA;0,591486111;87,5197;17,7479;"Caicedo_5_1"
"9614";"Caicedo";"15_1115";12;NA;0,563114975;88,6407;11,2013;"Caicedo_5_1"
"9619";"Caicedo";"15_1120";10,06;16;0,590804235;90,7471;12,2541;"Caicedo_5_1"
"9624";"Caicedo";"15_1126";34,06;22;0,578086944;96,6771;14,1639;"Caicedo_5_1"
"9629";"Caicedo";"15_1131";16,84;20;0,69;90,1541;2,8857;"Caicedo_5_1"
"9634";"Caicedo";"15_1136";20,02;NA;0,54;95,5595;6,3295;"Caicedo_5_1"
"9639";"Caicedo";"15_1141";21,49;22;0,578086944;98,3857;3,9861;"Caicedo_5_1"
"9644";"Caicedo";"15_1147";40,68;24;0,514030303;83,5047;30,1021;"Caicedo_5_2"
"9650";"Caicedo";"15_1154";16,43;17;0,590804235;89,5439;37,7043;"Caicedo_5_2"
"9655";"Caicedo";"15_1159";14,9;NA;0,590804235;92,4837;30,8049;"Caicedo_5_2"
"9660";"Caicedo";"15_1165";50,74;NA;0,408433333;91,5831;28,7679;"Caicedo_5_2"
"9665";"Caicedo";"15_1171";18,37;16;0,47;85,0209;48,5591;"Caicedo_5_3"
"9671";"Caicedo";"15_1178";10,98;NA;0,771333333;83,0423;55,4951;"Caicedo_5_3"
"9676";"Caicedo";"15_1185";17,6;18;0,69;92,2947;51,7079;"Caicedo_5_3"
"9681";"Caicedo";"15_1191";39,25;21;0,408433333;94,9605;58,9401;"Caicedo_5_3"
"9686";"Caicedo";"15_1196";11,65;NA;0,514030303;99,7927;56,8957;"Caicedo_5_3"
"9692";"Caicedo";"15_1203";13,88;NA;0,590804235;90,9073;41,2079;"Caicedo_5_3"
"9697";"Caicedo";"15_1208";42,62;22;0,408433333;91,7991;47,8727;"Caicedo_5_3"
"9702";"Caicedo";"15_1213";12,26;NA;0,69;81,1565;60,4355;"Caicedo_5_4"
"9707";"Caicedo";"15_1218";18,02;19;0,5392;85,1971;69,2157;"Caicedo_5_4"
"9712";"Caicedo";"15_1224";10,09;NA;0,3935;89,7303;63,4425;"Caicedo_5_4"
"9717";"Caicedo";"15_1230";29,25;NA;0,56;88,8395;75,4295;"Caicedo_5_4"
"9722";"Caicedo";"15_1235";25,08;NA;0,69;85,4729;70,3461;"Caicedo_5_4"
"9728";"Caicedo";"15_1241";17,6;19;0,69;98,2403;79,2347;"Caicedo_5_4"
"9736";"Caicedo";"15_1249";35,68;22;0,5392;98,9391;69,1471;"Caicedo_5_4"
"9741";"Caicedo";"15_1254";15,57;16;0,563114975;95,1051;61,1751;"Caicedo_5_4"
"9746";"Caicedo";"15_1259";19,1;NA;0,611854167;83,4789;86,3427;"Caicedo_5_5"
"9751";"Caicedo";"15_1264";22,66;NA;0,590804235;87,6097;89,8747;"Caicedo_5_5"
"9756";"Caicedo";"15_1269";29,67;NA;0,647;85,9597;84,3687;"Caicedo_5_5"
"9761";"Caicedo";"15_1274";16,3;NA;0,563114975;80,8921;92,2261;"Caicedo_5_5"
"9766";"Caicedo";"15_1279";18,78;NA;0,539081638;81,1623;99,851;"Caicedo_5_5"
"9771";"Caicedo";"15_1284";13,11;NA;0,5392;89,8823;99,2551;"Caicedo_5_5"
"9776";"Caicedo";"15_1289";12,57;NA;0,405041667;88,2457;93,9689;"Caicedo_5_5"
"9781";"Caicedo";"15_1294";12,54;NA;0,631;91,5217;95,9665;"Caicedo_5_5"
"9786";"Caicedo";"15_1300";19,58;18;0,408433333;97,4637;92,6587;"Caicedo_5_5"
"9791";"Caicedo";"15_1305";12,32;NA;0,419833333;91,3183;85,5085;"Caicedo_5_5"
"9796";"Caicedo";"15_1310";20,91;22;0,71;98,8861;81,7323;"Caicedo_5_5"
"11177";"Caicedo";"15_20a";13,4;14;0,590804235;15,0773;15,8315;"Caicedo_1_1"
"11191";"Caicedo";"15_845A";30,6;NA;0,611854167;64,9571;1,4423;"Caicedo_4_1"
"15080";"Maceo";"9_2";12,73;18,18;0,717333333;0,6675;6,7011;"Maceo_1_1"
"15085";"Maceo";"9_7";13,97;NA;0,8;4,4497;10,6387;"Maceo_1_1"
"15091";"Maceo";"9_13";16,84;NA;0,6182;3,2523;15,9869;"Maceo_1_1"
"15096";"Maceo";"9_18";14,61;NA;0,5785;7,2435;11,1291;"Maceo_1_1"
"15101";"Maceo";"9_23";23,14;NA;0,766;15,3373;18,1451;"Maceo_1_1"
"15106";"Maceo";"9_29";19,74;19,82;0,717333333;13,8797;9,2943;"Maceo_1_1"
"15111";"Maceo";"9_34";20,09;19,32;0,766;1,9897;20,9911;"Maceo_1_2"
"15117";"Maceo";"9_40";11,91;NA;0,5785;2,5827;25,8735;"Maceo_1_2"
"15122";"Maceo";"9_45";14,07;15,87;0,766;8,0389;26,4527;"Maceo_1_2"
"15127";"Maceo";"9_50";11,11;NA;0,766;1,4327;36,6939;"Maceo_1_2"
"15132";"Maceo";"9_55";13,88;6,09;0,6182;8,0411;39,0269;"Maceo_1_2"
"15140";"Maceo";"9_63";54,78;NA;0,644092949;10,9513;34,5127;"Maceo_1_2"
"15145";"Maceo";"9_68";10,25;NA;0,852083333;16,9567;36,3183;"Maceo_1_2"
"15151";"Maceo";"9_74";17,1;NA;0,47;14,6495;25,7385;"Maceo_1_2"
"15156";"Maceo";"9_79";15,53;14,72;0,766;3,8531;41,6497;"Maceo_1_3"
"15162";"Maceo";"9_85";14,45;NA;0,475;3,2803;56,9879;"Maceo_1_3"
"15167";"Maceo";"9_90";17,44;NA;0,511571429;10,7481;52,9561;"Maceo_1_3"
"15172";"Maceo";"9_95";13,75;NA;0,683275126;12,4941;41,3967;"Maceo_1_3"
"15177";"Maceo";"9_100";12,92;NA;0,56825;0,1855;69,7729;"Maceo_1_4"
"15182";"Maceo";"9_105";11,49;NA;0,6182;6,0795;64,8299;"Maceo_1_4"
"15187";"Maceo";"9_110";10,76;NA;0,47;1,2507;75,9911;"Maceo_1_4"
"15192";"Maceo";"9_115";15,37;12,22;0,51;12,9197;75,3047;"Maceo_1_4"
"15197";"Maceo";"9_120";12,29;NA;0,62;15,2827;79,6217;"Maceo_1_4"
"15202";"Maceo";"9_125";19,39;NA;0,590804235;13,9403;62,1015;"Maceo_1_4"
"15207";"Maceo";"9_130";10,92;NA;0,5785;13,2197;69,1217;"Maceo_1_4"
"15212";"Maceo";"9_136";15,6;NA;0,766;15,0729;62,9615;"Maceo_1_4"
"15217";"Maceo";"9_141";10,89;15,19;0,47;5,6985;88,3199;"Maceo_1_5"
"15222";"Maceo";"9_146";20,31;15,68;0,43;7,6781;90,4039;"Maceo_1_5"
"15227";"Maceo";"9_151";10,98;11,49;0,529666667;6,788952188;92,5240645;"Maceo_1_5"
"15232";"Maceo";"9_156";18,81;12,53;0,578086944;11,9581;95,7083;"Maceo_1_5"
"15237";"Maceo";"9_161";14,1;NA;0,695;18,1127;98,8569;"Maceo_1_5"
"15243";"Maceo";"9_168";14,67;NA;0,73;17,4213;82,3835;"Maceo_1_5"
"15248";"Maceo";"9_173";26,39;NA;0,683275126;20,9799;2,7607;"Maceo_2_1"
"15253";"Maceo";"9_178";10,38;NA;0,353166667;25,2521;1,6651;"Maceo_2_1"
"15258";"Maceo";"9_183";16,55;NA;0,590804235;26,0925;18,4973;"Maceo_2_1"
"15263";"Maceo";"9_188";10,38;11,55;0,585142857;35,9395;17,7977;"Maceo_2_1"
"15269";"Maceo";"9_194";14,87;11,71;0,590804235;35,7331;14,6495;"Maceo_2_1"
"15274";"Maceo";"9_199";20,6;21,7;0,43;31,9655;3,7645;"Maceo_2_1"
"15279";"Maceo";"9_204";28,2;24,63;0,852083333;35,9411;8,4739;"Maceo_2_1"
"15285";"Maceo";"9_210";20,75;NA;0,8;23,9867;33,1067;"Maceo_2_2"
"15291";"Maceo";"9_216";10,35;NA;0,635333333;28,0019;39,0415;"Maceo_2_2"
"15297";"Maceo";"9_223";20,5;NA;0,8;37,2341;32,3697;"Maceo_2_2"
"15303";"Maceo";"9_229";10,03;9,12;0,653571429;36,6335;22,8855;"Maceo_2_2"
"15308";"Maceo";"9_235";16,65;17,19;0,5;24,9981;54,9659;"Maceo_2_3"
"15314";"Maceo";"9_241";15,82;13,68;0,56825;24,0739;59,4247;"Maceo_2_3"
"15319";"Maceo";"9_246";12,99;NA;0,766;29,2685;56,7961;"Maceo_2_3"
"15324";"Maceo";"9_251";12,54;NA;0,56825;27,9407;52,9203;"Maceo_2_3"
"15329";"Maceo";"9_256";19,29;19,6;0,766;34,7367;54,8817;"Maceo_2_3"
"15334";"Maceo";"9_261";23,11;14,53;0,408433333;36,1355;51,5589;"Maceo_2_3"
"15339";"Maceo";"9_268";12,16;NA;0,577092593;38,3821;47,6787;"Maceo_2_3"
"15344";"Maceo";"9_273";19,29;19,94;0,4935;25,8697;67,0139;"Maceo_2_4"
"15349";"Maceo";"9_279";19,93;NA;0,590804235;29,1557;62,3597;"Maceo_2_4"
"15354";"Maceo";"9_284";17,73;NA;0,47;29,3241;79,4651;"Maceo_2_4"
"15359";"Maceo";"9_289";28,9;18,01;0,73;33,4605;72,7679;"Maceo_2_4"
"15364";"Maceo";"9_295";31,26;16,74;0,629222222;38,1213;77,9971;"Maceo_2_4"
"15369";"Maceo";"9_300";18,62;NA;0,62;36,9731;71,0199;"Maceo_2_4"
"15374";"Maceo";"9_305";17,7;NA;0,5;34,6993;67,6877;"Maceo_2_4"
"15379";"Maceo";"9_310";11,4;12,9;0,852083333;35,5627;66,0077;"Maceo_2_4"
"15384";"Maceo";"9_315";12,22;NA;0,590804235;21,25128001;83,39912141;"Maceo_2_5"
"15389";"Maceo";"9_320";11,56;NA;0,852083333;24,39079181;87,15507862;"Maceo_2_5"
"15394";"Maceo";"9_325";15,34;NA;0,47;24,9133;93,4433;"Maceo_2_5"
"15399";"Maceo";"9_330";11,36;NA;0,578086944;22,5673;99,0389;"Maceo_2_5"
"15404";"Maceo";"9_335";18,65;12,62;0,8;29,0667;95,5585;"Maceo_2_5"
"15409";"Maceo";"9_340";10,15;NA;0,783333333;36,4259;99,2237;"Maceo_2_5"
"15414";"Maceo";"9_345";16,74;9,34;0,5;33,2223;83,7779;"Maceo_2_5"
"15420";"Maceo";"9_351";21,61;NA;0,8;35,8343;88,6381;"Maceo_2_5"
"15425";"Maceo";"9_356";24,64;NA;0,43;44,9737;6,2915;"Maceo_3_1"
"15430";"Maceo";"9_361";10,03;9,42;0,590804235;46,3285;0,7845;"Maceo_3_1"
"15435";"Maceo";"9_366";21,84;NA;0,593333333;42,7205;14,9905;"Maceo_3_1"
"15440";"Maceo";"9_371";15,22;15,23;0,590804235;48,5405;10,8693;"Maceo_3_1"
"15446";"Maceo";"9_377";10,03;11,21;0,5636;41,4869;24,9289;"Maceo_3_2"
"15451";"Maceo";"9_382";34,51;NA;0,585142857;43,6153;39,1577;"Maceo_3_2"
"15456";"Maceo";"9_387";47,08;NA;0,350666667;45,1489;37,5227;"Maceo_3_2"
"15461";"Maceo";"9_392";20,47;16,35;0,37;47,1389;31,4133;"Maceo_3_2"
"15466";"Maceo";"9_397";13,82;NA;0,590804235;46,7427;41,7237;"Maceo_3_3"
"15471";"Maceo";"9_402";13,62;21,44;0,73;45,3193;56,7933;"Maceo_3_3"
"15476";"Maceo";"9_407";25,05;NA;0,590804235;47,0795;51,8623;"Maceo_3_3"
"15481";"Maceo";"9_413";23,97;NA;0,51;42,6889;67,9707;"Maceo_3_4"
"15486";"Maceo";"9_418";18,65;NA;0,56825;49,8377;65,2045;"Maceo_3_4"
"15491";"Maceo";"9_423";10,03;4,9;0,653571429;44,9837;70,9935;"Maceo_3_4"
"15496";"Maceo";"9_428";24,1;NA;0,590804235;49,1899;74,4829;"Maceo_3_4"
"15501";"Maceo";"9_433";10,98;9,31;0,408433333;40,9309;82,6615;"Maceo_3_5"
"15506";"Maceo";"9_438";12,99;17,69;0,593333333;43,7435;86,4719;"Maceo_3_5"
"15511";"Maceo";"9_443";22,19;NA;0,717333333;42,7509;93,8383;"Maceo_3_5"
"15516";"Maceo";"9_450";27,31;15,46;0,457;49,5953;98,1677;"Maceo_3_5"
"15521";"Maceo";"9_455";19,29;15,16;0,590804235;47,1163;90,9281;"Maceo_3_5"
"15526";"Maceo";"9_460";14,64;9,43;0,533333333;57,4291;4,3147;"Maceo_3_1"
"15531";"Maceo";"9_465";38,39;NA;0,27;54,7245;17,2539;"Maceo_3_1"
"15536";"Maceo";"9_471";51,3;NA;0,687841172;59,0411;11,9975;"Maceo_3_1"
"15541";"Maceo";"9_476";10,92;NA;0,766;53,0533;25,2351;"Maceo_3_2"
"15546";"Maceo";"9_481";10;NA;0,766;51,2969;35,4987;"Maceo_3_2"
"15551";"Maceo";"9_486";19,19;NA;0,771333333;50,8487;39,6357;"Maceo_3_2"
"15556";"Maceo";"9_491";28,08;NA;0,766;53,1091;52,1519;"Maceo_3_3"
"15561";"Maceo";"9_496";35,05;NA;0,852083333;53,6785;64,1483;"Maceo_3_4"
"15566";"Maceo";"9_501";13,66;19,45;0,766;53,5399;71,2725;"Maceo_3_4"
"15571";"Maceo";"9_506";10,76;11;0,6182;53,9089;86,8165;"Maceo_3_5"
"15576";"Maceo";"9_511";45,45;26,33;0,590804235;65,0007;1,0749;"Maceo_4_1"
"15581";"Maceo";"9_516";12,03;7,28;0,6182;67,7995;1,1193;"Maceo_4_1"
"15586";"Maceo";"9_521";18,37;NA;0,590804235;60,7579;18,9101;"Maceo_4_1"
"15591";"Maceo";"9_526";18,53;NA;0,589066667;66,9999;13,7677;"Maceo_4_1"
"15596";"Maceo";"9_531";39,95;NA;0,577092593;74,6235;19,1223;"Maceo_4_1"
"15601";"Maceo";"9_536";16,17;NA;0,590804235;74,9861;9,6989;"Maceo_4_1"
"15606";"Maceo";"9_542";16,17;17,22;0,37;79,9027;5,6857;"Maceo_4_1"
"15611";"Maceo";"9_547";31,51;NA;0,475;64,3383;25,5907;"Maceo_4_2"
"15616";"Maceo";"9_552";10,76;NA;0,607288889;69,2213;33,0701;"Maceo_4_2"
"15621";"Maceo";"9_557";16,74;NA;0,590804235;78,9721;34,9767;"Maceo_4_2"
"15626";"Maceo";"9_562";15,66;NA;0,8;76,7229;25,1215;"Maceo_4_2"
"15631";"Maceo";"9_567";32,91;NA;0,51;64,2683;44,7477;"Maceo_4_3"
"15636";"Maceo";"9_572";18,27;16,75;0,6182;68,7889;49,4841;"Maceo_4_3"
"15641";"Maceo";"9_577";30,88;20,5;0,687841172;62,3907;58,7289;"Maceo_4_3"
"15646";"Maceo";"9_583";14,01;NA;0,766;66,0559;51,6567;"Maceo_4_3"
"15651";"Maceo";"9_588";14,74;15,8;0,590804235;78,6081;58,6479;"Maceo_4_3"
"15656";"Maceo";"9_594";18,46;NA;0,695;78,1447;47,5189;"Maceo_4_3"
"15661";"Maceo";"9_599";10,19;13,33;0,4935;69,2857;62,9471;"Maceo_4_4"
"15666";"Maceo";"9_604";12,26;NA;0,43;62,2593;74,5357;"Maceo_4_4"
"15671";"Maceo";"9_610";11,62;NA;0,5636;66,2977;72,0117;"Maceo_4_4"
"15676";"Maceo";"9_615";30,11;NA;0,647;77,2365;78,5765;"Maceo_4_4"
"15681";"Maceo";"9_620";14,99;NA;0,8;76,2577;74,2213;"Maceo_4_4"
"15686";"Maceo";"9_625";35,46;16,63;0,717333333;76,3853;67,7013;"Maceo_4_4"
"15692";"Maceo";"9_631";20,72;NA;0,619;69,2425;84,0331;"Maceo_4_5"
"15697";"Maceo";"9_636";40,43;NA;0,717333333;65,1355;84,8417;"Maceo_4_5"
"15702";"Maceo";"9_641";15,88;14,2;0,539081638;65,9331;98,1345;"Maceo_4_5"
"15707";"Maceo";"9_646";14,64;NA;0,766;66,3479;93,2403;"Maceo_4_5"
"15712";"Maceo";"9_651";13,02;NA;0,307333333;73,1003;98,7415;"Maceo_4_5"
"15717";"Maceo";"9_656";24,29;17,47;0,475;78,3885;92,6555;"Maceo_4_5"
"15722";"Maceo";"9_661";27,79;NA;0,852083333;74,7867;82,1171;"Maceo_4_5"
"15727";"Maceo";"9_666";24,99;NA;0,51;77,3547;87,3237;"Maceo_4_5"
"15732";"Maceo";"9_671";34,47;NA;0,49;88,3811;7,6109;"Maceo_5_1"
"15737";"Maceo";"9_676";10,28;NA;0,590804235;83,0301;11,4073;"Maceo_5_1"
"15742";"Maceo";"9_681";21,96;20,53;0,766;86,9319;16,4575;"Maceo_5_1"
"15747";"Maceo";"9_686";21,36;13,37;0,590804235;94,7539;12,3011;"Maceo_5_1"
"15752";"Maceo";"9_691";11,36;14,03;0,562449275;95,3891;17,5637;"Maceo_5_1"
"15757";"Maceo";"9_696";23,14;15,15;0,483583333;98,5517;11,7957;"Maceo_5_1"
"15762";"Maceo";"9_701";15,88;NA;0,49;92,8787;0,7491;"Maceo_5_1"
"15767";"Maceo";"9_706";17,92;NA;0,49;97,0593;6,0711;"Maceo_5_1"
"15772";"Maceo";"9_711";28,01;NA;0,49;81,4085;23,2025;"Maceo_5_2"
"15777";"Maceo";"9_716";13,18;11,5;0,590804235;86,7977;27,2811;"Maceo_5_2"
"15782";"Maceo";"9_721";13,97;NA;0,56;80,3353;38,7003;"Maceo_5_2"
"15787";"Maceo";"9_726";13,34;11,8;0,43;93,6559;32,1151;"Maceo_5_2"
"15792";"Maceo";"9_731";36,73;27,46;0,588;97,8727;38,0203;"Maceo_5_2"
"15797";"Maceo";"9_736";12;10,91;0,408433333;92,5665;22,7259;"Maceo_5_2"
"15802";"Maceo";"9_741";21,01;15,76;0,5;99,0947;21,2753;"Maceo_5_2"
"15807";"Maceo";"9_746";19,51;13,02;0,590804235;81,8939;40,8793;"Maceo_5_3"
"15812";"Maceo";"9_751";10,22;12,84;0,590804235;82,7073;52,6085;"Maceo_5_3"
"15817";"Maceo";"9_756";43,93;NA;0,717333333;93,5747;56,9639;"Maceo_5_3"
"15822";"Maceo";"9_762";13,82;15,33;0,590804235;92,5557;49,2173;"Maceo_5_3"
"15827";"Maceo";"9_767";13,69;NA;0,765;83,8963;63,6945;"Maceo_5_4"
"15832";"Maceo";"9_772";33,9;NA;0,653571429;87,9041;67,0343;"Maceo_5_4"
"15837";"Maceo";"9_777";20,72;17,67;0,6182;84,1951;70,0655;"Maceo_5_4"
"15842";"Maceo";"9_782";14,48;12,31;0,766;88,8413;72,3783;"Maceo_5_4"
"15847";"Maceo";"9_787";25,15;NA;0,590804235;91,9001;74,2917;"Maceo_5_4"
"15852";"Maceo";"9_792";11,14;11,68;0,5;99,1267;66,9751;"Maceo_5_4"
"15857";"Maceo";"9_797";44,88;21,89;0,6065;83,6187;85,9211;"Maceo_5_5"
"15862";"Maceo";"9_802";12,8;NA;0,590804235;87,5605;98,4541;"Maceo_5_5"
"15867";"Maceo";"9_807";28,71;NA;0,51;88,6443;91,7223;"Maceo_5_5"
"15872";"Maceo";"9_813";13,66;14,09;0,47;91,3495;94,9799;"Maceo_5_5"
"15877";"Maceo";"9_819";19,74;16,76;0,529666667;99,4017;93,4209;"Maceo_5_5"
"15882";"Maceo";"9_824";22,09;14,51;0,653571429;90,8745;88,7367;"Maceo_5_5"
"15887";"Maceo";"9_829";12,64;13,08;0,71;97,7569;84,7369;"Maceo_5_5"
"17005";"Maceo";"9_110A";11,78;NA;0,73;9,3401;79,2087;"Maceo_1_4"
"17229";"Maceo";"9_547A";10,98;NA;0,766;64,5161;24,4651;"Maceo_4_2"
"21893";"Porce";"10_4";29,51;NA;0,73;1,0406;6,0089;"Porce_1_1"
"21898";"Porce";"10_9";30,91;NA;0,4559375;12,4627;9,2932;"Porce_1_1"
"21903";"Porce";"10_14";28,68;NA;0,353166667;14,6866;11,835;"Porce_1_1"
"21908";"Porce";"10_19";11,59;15,1;0,5055;15,9988;14,9772;"Porce_1_1"
"21913";"Porce";"10_24";16,36;15,4;0,577092593;9,0386;14,055;"Porce_1_1"
"21919";"Porce";"10_30";21,65;18,1;0,353166667;6,0758;23,0121;"Porce_1_2"
"21924";"Porce";"10_35";18,81;15,7;0,475;18,8745;27,6239;"Porce_1_2"
"21929";"Porce";"10_40";42,02;NA;0,475;19,2997;32,4905;"Porce_1_2"
"21934";"Porce";"10_45";14,1;NA;0,696666667;9,5096;39,522;"Porce_1_2"
"21941";"Porce";"10_52";12,7;NA;0,77;0,459;48,8964;"Porce_1_3"
"21946";"Porce";"10_57";20,15;NA;0,585142857;12,9619;42,4078;"Porce_1_3"
"21951";"Porce";"10_62";30,72;NA;0,353166667;19,5631;49,3735;"Porce_1_3"
"21956";"Porce";"10_67";11,11;NA;0,696666667;12,0061;57,8994;"Porce_1_3"
"21961";"Porce";"10_72";12,19;15,4;0,696666667;16,2876;53,776;"Porce_1_3"
"21966";"Porce";"10_77";10,63;12,6;0,625;1,4111;59,3553;"Porce_1_3"
"21971";"Porce";"10_83";19,89;NA;0,475;1,8087;60,9637;"Porce_1_4"
"21976";"Porce";"10_90";10,12;12,7;0,629;8,1384;63,9784;"Porce_1_4"
"21982";"Porce";"10_96";10,7;15,2;0,511571429;17,8942;68,9731;"Porce_1_4"
"21987";"Porce";"10_101";15,37;NA;0,350666667;12,1063;71,9455;"Porce_1_4"
"21992";"Porce";"10_106";16,62;16,8;0,73;12,5523;79,0287;"Porce_1_4"
"21997";"Porce";"10_111";19,8;14;0,577092593;1,4866;74,4832;"Porce_1_4"
"22002";"Porce";"10_116";19,07;15,2;0,511571429;6,7014;76,0731;"Porce_1_4"
"22010";"Porce";"10_124";33,33;20;0,350666667;14,2178;83,3825;"Porce_1_5"
"22015";"Porce";"10_130";13,37;15,4;0,73;11,689;91,5904;"Porce_1_5"
"22021";"Porce";"10_136";17,92;NA;0,445375;17,4913;98,7456;"Porce_1_5"
"22026";"Porce";"10_141";21,1;16,2;0,73;18,1678;93,6979;"Porce_1_5"
"22033";"Porce";"10_148";17,32;10,7;0,47;7,886;90,2605;"Porce_1_5"
"22038";"Porce";"10_153";26,9;12,05;0,353166667;28,3188;8,4479;"Porce_2_1"
"22043";"Porce";"10_158";16,3;NA;0,593333333;32,6742;6,9513;"Porce_2_1"
"22048";"Porce";"10_163";11,87;13;0,445375;34,549;13,5904;"Porce_2_1"
"22053";"Porce";"10_169";31,29;NA;0,353166667;35,5993;18,9231;"Porce_2_1"
"22064";"Porce";"10_183";10,28;NA;0,43;25,8894;19,2817;"Porce_2_1"
"22077";"Porce";"10_196";23,56;NA;0,4559375;28,069;25,9929;"Porce_2_2"
"22082";"Porce";"10_201";10;NA;0,585142857;32,5881;28,9847;"Porce_2_2"
"22088";"Porce";"10_207";35,27;18,7;0,445375;34,2361;34,3726;"Porce_2_2"
"22093";"Porce";"10_212";11,11;NA;0,625;35,1476;38,7949;"Porce_2_2"
"22098";"Porce";"10_217";10,28;8,1;0,585142857;24,0708;47,2309;"Porce_2_3"
"22103";"Porce";"10_223";11,27;NA;0,593333333;28,0383;47,6737;"Porce_2_3"
"22108";"Porce";"10_228";19,74;13,7;0,71;34,5096;44,1087;"Porce_2_3"
"22113";"Porce";"10_234";18,94;16,5;0,629;39,6138;43,604;"Porce_2_3"
"22118";"Porce";"10_240";14,99;11,3;0,47;37,2607;56,8394;"Porce_2_3"
"22123";"Porce";"10_245";22,38;22,9;0,47;22,9396;54,8495;"Porce_2_3"
"22128";"Porce";"10_251";14,32;17,5;0,614666667;27,5021;51,9325;"Porce_2_3"
"22133";"Porce";"10_256";16,55;NA;0,593333333;20,6362;62,6586;"Porce_2_4"
"22139";"Porce";"10_262";15,41;NA;0,353166667;31,4433;61,1052;"Porce_2_4"
"22145";"Porce";"10_268";21,17;16,6;0,73;33,4469;70,937;"Porce_2_4"
"22151";"Porce";"10_274";16,11;16,4;0,353166667;34,6732;78,5216;"Porce_2_4"
"22157";"Porce";"10_280";22,03;23,1;0,475;20,8495;74,6739;"Porce_2_4"
"22167";"Porce";"10_290";18,59;10,9;0,47;24,8017;83,1521;"Porce_2_5"
"22172";"Porce";"10_295";12,22;NA;0,585142857;38,0381;80,977;"Porce_2_5"
"22177";"Porce";"10_300";16,46;12,3;0,589066667;34,6892;99,3687;"Porce_2_5"
"22182";"Porce";"10_305";16,74;19,9;0,47;22,7269;94,5264;"Porce_2_5"
"22187";"Porce";"10_310";17,57;NA;0,47;29,2927;94,1112;"Porce_2_5"
"22192";"Porce";"10_315";12,57;12,5;0,56;43,2363;1,1267;"Porce_3_1"
"22197";"Porce";"10_321";15,02;NA;0,353166667;53,7453;6,7846;"Porce_3_1"
"22202";"Porce";"10_326";10,89;10,1;0,625;54,8342;12,5372;"Porce_3_1"
"22208";"Porce";"10_332";13,75;12,9;0,577092593;43,0134;10,1944;"Porce_3_1"
"22214";"Porce";"10_338";23;18,1;0,741037037;40,578;14,8486;"Porce_3_1"
"22219";"Porce";"10_343";19,07;17,5;0,73;48,3711;14,4788;"Porce_3_1"
"22225";"Porce";"10_349";17,19;16,7;0,445375;57,6338;26,7349;"Porce_3_2"
"22230";"Porce";"10_354";14,96;15,2;0,629;53,6772;35,1631;"Porce_3_2"
"22236";"Porce";"10_360";12,86;11,2;0,629;55,7513;30,7888;"Porce_3_2"
"22241";"Porce";"10_366";13,15;12,3;0,445375;45,5256;34,6943;"Porce_3_2"
"22250";"Porce";"10_375";19,1;NA;0,585142857;42,1862;45,3945;"Porce_3_3"
"22255";"Porce";"10_380";11,08;20,8;0,629;53,0419;45,5037;"Porce_3_3"
"22260";"Porce";"10_385";11,56;10;0,41;59,6864;47,3907;"Porce_3_3"
"22267";"Porce";"10_392";13,69;12,2;0,47;51,0714;55,2025;"Porce_3_3"
"22272";"Porce";"10_397";23,01;19;0,350666667;41,4037;50,8308;"Porce_3_3"
"22277";"Porce";"10_402";18,3;18,2;0,43;46,3024;53,759;"Porce_3_3"
"22282";"Porce";"10_407";12,83;11;0,71;45,7095;51,4967;"Porce_3_3"
"22287";"Porce";"10_412";21,01;NA;0,43;45,9736;66,169;"Porce_3_4"
"22292";"Porce";"10_417";15,18;13;0,511571429;54,1077;61,8055;"Porce_3_4"
"22297";"Porce";"10_422";33,49;22,35;0,4559375;55,3691;62,5195;"Porce_3_4"
"22304";"Porce";"10_430";23,87;NA;0,350666667;54,6598;79,7823;"Porce_3_4"
"22311";"Porce";"10_438";17,89;NA;0,71;43,1742;75,8493;"Porce_3_4"
"22317";"Porce";"10_444";18,78;9,8;0,819962424;47,9871;70,7832;"Porce_3_4"
"22322";"Porce";"10_449";13,75;NA;0,47;42,4226;85,4186;"Porce_3_5"
"22328";"Porce";"10_455";10;9,1;0,71;52,3012;84,6006;"Porce_3_5"
"22333";"Porce";"10_460";15,6;NA;0,741037037;57,7808;80,8499;"Porce_3_5"
"22339";"Porce";"10_466";15,34;NA;0,47;52,0573;97,543;"Porce_3_5"
"22345";"Porce";"10_473";24,83;NA;0,475;56,4577;90,4366;"Porce_3_5"
"22350";"Porce";"10_478";10,28;NA;0,62;43,8877;98,696;"Porce_3_5"
"22355";"Porce";"10_483";27,09;19,5;0,350666667;45,9684;91,2952;"Porce_3_5"
"22362";"Porce";"10_490";31,99;NA;0,4559375;61,7618;5,8221;"Porce_4_1"
"22367";"Porce";"10_495";11,84;NA;0,590804235;73,3659;6,3467;"Porce_4_1"
"22372";"Porce";"10_500";26,13;NA;0,353166667;78,5304;8,573;"Porce_4_1"
"22377";"Porce";"10_505";12,06;NA;0,56;71,3998;15,0318;"Porce_4_1"
"22384";"Porce";"10_512";15,4;NA;0,62;77,466;12,0224;"Porce_4_1"
"22392";"Porce";"10_520";19,67;NA;0,475;67,8713;14,1257;"Porce_4_1"
"22397";"Porce";"10_526";20,02;NA;0,577092593;66,0206;28,7959;"Porce_4_2"
"22403";"Porce";"10_532";15,12;12,7;0,353166667;72,6746;21,5016;"Porce_4_2"
"22408";"Porce";"10_537";12,99;10,6;0,353166667;75,2643;28,6605;"Porce_4_2"
"22415";"Porce";"10_544";20,37;NA;0,629;70,5524;34,5943;"Porce_4_2"
"22420";"Porce";"10_549";11,36;10,8;0,577092593;79,4558;32,651;"Porce_4_2"
"22427";"Porce";"10_556";18,24;17,7;0,629;65,155;35,4997;"Porce_4_2"
"22432";"Porce";"10_561";18,91;NA;0,353166667;66,8639;32,3618;"Porce_4_2"
"22438";"Porce";"10_567";34,95;NA;0,475;60,9036;49,1504;"Porce_4_3"
"22445";"Porce";"10_574";30,3;NA;0,353166667;70,9093;48,1761;"Porce_4_3"
"22453";"Porce";"10_582";12,67;NA;0,614666667;70,2675;59,8215;"Porce_4_3"
"22460";"Porce";"10_589";21,96;14,8;0,353166667;78,1577;51,8457;"Porce_4_3"
"22465";"Porce";"10_594";13,85;12,4;0,590804235;61,8525;58,5363;"Porce_4_3"
"22470";"Porce";"10_599";11,91;9,8;0,577092593;69,0182;50,701;"Porce_4_3"
"22478";"Porce";"10_607";17,7;NA;0,774;67,7579;69,5743;"Porce_4_4"
"22483";"Porce";"10_612";21,17;15;0,577092593;65,7541;60,3454;"Porce_4_4"
"22489";"Porce";"10_618";11,01;NA;0,62;75,9319;63,4254;"Porce_4_4"
"22494";"Porce";"10_623";10,63;12,4;0,614666667;71,8194;71,6858;"Porce_4_4"
"22500";"Porce";"10_629";10,7;NA;0,696666667;77,5869;71,4897;"Porce_4_4"
"22506";"Porce";"10_635";11,3;13,5;0,45;63,1133;74,7274;"Porce_4_4"
"22513";"Porce";"10_642";15,63;9,6;0,47;62,076;84,51;"Porce_4_5"
"22519";"Porce";"10_648";11,52;10,3;0,625;68,0602;85,5824;"Porce_4_5"
"22524";"Porce";"10_653";23,49;16,8;0,350666667;72,4451;84,8084;"Porce_4_5"
"22530";"Porce";"10_659";11,4;NA;0,529666667;73,4091;92,1536;"Porce_4_5"
"22537";"Porce";"10_666";13,21;18,5;0,47;63,3146;98,8084;"Porce_4_5"
"22542";"Porce";"10_671";18,18;NA;0,511571429;65,968;99,1193;"Porce_4_5"
"22547";"Porce";"10_676";12,19;NA;0,577092593;83,0635;4,2034;"Porce_5_1"
"22554";"Porce";"10_683";11,11;9,7;0,590804235;87,0597;0,2745;"Porce_5_1"
"22559";"Porce";"10_688";20,69;NA;0,475;99,7707;0,4996;"Porce_5_1"
"22564";"Porce";"10_693";31,9;NA;0,475;99,7359;11,2011;"Porce_5_1"
"22569";"Porce";"10_699";18,24;12,8;0,73;84,7558;15,8688;"Porce_5_1"
"22574";"Porce";"10_704";29,64;NA;0,353166667;81,5456;20,8509;"Porce_5_2"
"22581";"Porce";"10_711";19,58;15;0,475;92,5365;22,1603;"Porce_5_2"
"22587";"Porce";"10_717";20,69;NA;0,350666667;96,4374;21,7561;"Porce_5_2"
"22593";"Porce";"10_723";26,42;NA;0,4559375;91,268;39,6203;"Porce_5_2"
"22599";"Porce";"10_729";10;NA;0,629222222;96,4397;34,2095;"Porce_5_2"
"22604";"Porce";"10_734";27,22;NA;0,696666667;82,9286;33,6145;"Porce_5_2"
"22612";"Porce";"10_742";39,63;18,4;0,397333333;83,2284;45,9878;"Porce_5_3"
"22618";"Porce";"10_748";11,59;NA;0,62;88,6637;41,581;"Porce_5_3"
"22623";"Porce";"10_754";10,5;NA;0,62;98,1135;40,3183;"Porce_5_3"
"22628";"Porce";"10_759";18,43;NA;0,62;97,4655;52,7861;"Porce_5_3"
"22633";"Porce";"10_764";30,97;20,1;0,350666667;84,7628;53,7391;"Porce_5_3"
"22638";"Porce";"10_769";14,01;NA;0,629;87,5089;56,5681;"Porce_5_3"
"22644";"Porce";"10_775";15,12;NA;0,614666667;82,9347;60,2499;"Porce_5_4"
"22649";"Porce";"10_780";24,29;11,5;0,696666667;82,5726;69,8116;"Porce_5_4"
"22654";"Porce";"10_785";10,95;NA;0,62;86,9094;64,0866;"Porce_5_4"
"22659";"Porce";"10_790";10,35;NA;0,71;90,9988;60,4666;"Porce_5_4"
"22664";"Porce";"10_796";29,7;NA;0,350666667;95,8323;68,8568;"Porce_5_4"
"22669";"Porce";"10_801";20,69;11,3;0,350666667;92,443;77,6442;"Porce_5_4"
"22675";"Porce";"10_807";25,24;NA;0,577092593;96,1367;71,5549;"Porce_5_4"
"22681";"Porce";"10_813";12,99;NA;0,47;85,3448;76,4578;"Porce_5_4"
"22689";"Porce";"10_822";16,68;NA;0,445375;81,12;84,1263;"Porce_5_5"
"22696";"Porce";"10_829";13,4;NA;0,741037037;94,778;80,2428;"Porce_5_5"
"22701";"Porce";"10_834";19,61;NA;0,629222222;98,4635;87,9894;"Porce_5_5"
"22706";"Porce";"10_839";32,47;17,4;0,350666667;94,3348;91,3101;"Porce_5_5"
"22711";"Porce";"10_844";19;13;0,47;99,0525;99,2659;"Porce_5_5"
"22716";"Porce";"10_849";26,61;NA;0,350666667;80,8936;95,696;"Porce_5_5"
"22721";"Porce";"10_854";26,2;20,3;0,73;89,4932;95,348;"Porce_5_5"
"30345";"Ventanas";"13_3";11,01;12,85;0,590804235;1,3813;8,1067;"Ventanas_1_1"
"30350";"Ventanas";"13_8";21,74;NA;0,590804235;9,8573;1,4969;"Ventanas_1_1"
"30355";"Ventanas";"13_13";19,89;NA;0,49;5,1015;0,0877;"Ventanas_1_1"
"30360";"Ventanas";"13_19";22,51;17,36;0,590804235;1,2679;17,9843;"Ventanas_1_1"
"30365";"Ventanas";"13_24";16,11;NA;0,577092593;9,8339;16,0005;"Ventanas_1_1"
"30370";"Ventanas";"13_29";22,12;18,41;0,589066667;18,1023;17,4475;"Ventanas_1_1"
"30375";"Ventanas";"13_35";28,84;NA;0,5627;11,9183;4,0587;"Ventanas_1_1"
"30380";"Ventanas";"13_40";22,89;22,13;0,576666667;18,1257;4,7435;"Ventanas_1_1"
"30385";"Ventanas";"13_46";29,44;26,43;0,607288889;1,4629;38,4291;"Ventanas_1_2"
"30390";"Ventanas";"13_51";12,29;7,68;0,590804235;6,9477;31,1263;"Ventanas_1_2"
"30395";"Ventanas";"13_56";17,89;NA;0,49;10,2809;39,6905;"Ventanas_1_2"
"30400";"Ventanas";"13_61";33,9;17,54;0,722760274;17,4551;30,8331;"Ventanas_1_2"
"30405";"Ventanas";"13_67";23,01;18,26;0,510402667;4,6127;40,9353;"Ventanas_1_3"
"30410";"Ventanas";"13_72";12,26;NA;0,419833333;0,7919;40,6361;"Ventanas_1_3"
"30415";"Ventanas";"13_80";25,18;19,77;0,510402667;8,4293;41,9025;"Ventanas_1_3"
"30420";"Ventanas";"13_85";18,4;12,25;0,57;0,4289;58,0353;"Ventanas_1_3"
"30426";"Ventanas";"13_91";12,1;11,07;0,562449275;7,6935;56,6845;"Ventanas_1_3"
"30431";"Ventanas";"13_96";10,66;NA;0,590804235;7,9433;52,4791;"Ventanas_1_3"
"30436";"Ventanas";"13_101";16,9;16,82;0,408433333;12,5769;54,0241;"Ventanas_1_3"
"30441";"Ventanas";"13_106";13,18;14,45;0,49;13,1605;56,7797;"Ventanas_1_3"
"30446";"Ventanas";"13_112";25,18;13,84;0,45;16,8601;50,2335;"Ventanas_1_3"
"30451";"Ventanas";"13_119";53,99;32,36;0,825263021;17,9971;44,3637;"Ventanas_1_3"
"30456";"Ventanas";"13_124";34,22;17,67;0,510402667;2,2993;64,5459;"Ventanas_1_4"
"30461";"Ventanas";"13_130";14,71;11,56;0,49;6,9069;79,0605;"Ventanas_1_4"
"30466";"Ventanas";"13_135";17,16;16,01;0,510402667;11,8641;79,8893;"Ventanas_1_4"
"30471";"Ventanas";"13_141";13,75;13,5;0,45;18,5167;73,9171;"Ventanas_1_4"
"30476";"Ventanas";"13_146";24,45;17,9;0,339835034;11,9793;62,0397;"Ventanas_1_4"
"30481";"Ventanas";"13_151";10,7;NA;0,590804235;14,2377;68,9627;"Ventanas_1_4"
"30486";"Ventanas";"13_158";41,99;17,72;0,493083333;0,6295;84,3233;"Ventanas_1_5"
"30491";"Ventanas";"13_164";19,32;NA;0,577092593;9,0707;87,0295;"Ventanas_1_5"
"30497";"Ventanas";"13_172";29,85;NA;0,647;2,5049;90,3401;"Ventanas_1_5"
"30502";"Ventanas";"13_178";30,90788995;NA;0,408433333;14,8769;91,0143;"Ventanas_1_5"
"30507";"Ventanas";"13_184";27,2;14,78;0,576666667;15,2753;93,7587;"Ventanas_1_5"
"30512";"Ventanas";"13_190";11,84;NA;0,589066667;12,7937;88,1905;"Ventanas_1_5"
"30517";"Ventanas";"13_195";39,15;NA;0,589066667;19,6309;81,9803;"Ventanas_1_5"
"30522";"Ventanas";"13_200";15,6;NA;0,585666667;21,8491;1,8403;"Ventanas_2_1"
"30527";"Ventanas";"13_205";19,89;15,17;0,590804235;26,0055;9,4877;"Ventanas_2_1"
"30532";"Ventanas";"13_210";10,89;10,87;0,493083333;23,3067;11,5069;"Ventanas_2_1"
"30537";"Ventanas";"13_215";11,14;8,19;0,493083333;25,9549;14,0079;"Ventanas_2_1"
"30542";"Ventanas";"13_221";21,17;NA;0,563114975;37,1629;18,0407;"Ventanas_2_1"
"30547";"Ventanas";"13_227";12,38;10,05;0,3935;32,7039;2,4347;"Ventanas_2_1"
"30552";"Ventanas";"13_232";11,21;11,03;0,741037037;31,3217;5,8493;"Ventanas_2_1"
"30557";"Ventanas";"13_238";25,72;NA;0,577092593;37,9975;8,8709;"Ventanas_2_1"
"30562";"Ventanas";"13_243";19,04;NA;0,590804235;38,0487;0,6583;"Ventanas_2_1"
"30567";"Ventanas";"13_252";14,9;16,61;0,590804235;26,9075;23,5353;"Ventanas_2_2"
"30572";"Ventanas";"13_257";13,59;10,29;0,493083333;28,5633;38,5525;"Ventanas_2_2"
"30577";"Ventanas";"13_262";17,51;14,88;0,771333333;34,5673;30,8961;"Ventanas_2_2"
"30582";"Ventanas";"13_267";12,16;10,42;0,578086944;32,1555;35,6901;"Ventanas_2_2"
"30587";"Ventanas";"13_272";17,19;13,6;0,4784;38,3149;32,8363;"Ventanas_2_2"
"30593";"Ventanas";"13_279";10,98;NA;0,629222222;39,0297;27,2507;"Ventanas_2_2"
"30598";"Ventanas";"13_284";22,57;13,3;0,45;20,5483;40,6699;"Ventanas_2_3"
"30603";"Ventanas";"13_289";20,98;12,97;0,493083333;29,7143;41,5753;"Ventanas_2_3"
"30608";"Ventanas";"13_294";14,58;8,69;0,590804235;28,4521;54,5083;"Ventanas_2_3"
"30613";"Ventanas";"13_299";12,35;6,22;0,589066667;32,1395;57,7245;"Ventanas_2_3"
"30618";"Ventanas";"13_304";39,25;NA;0,590804235;38,1695;59,5381;"Ventanas_2_3"
"30623";"Ventanas";"13_309";10,79;NA;0,590804235;36,6567;52,3589;"Ventanas_2_3"
"30628";"Ventanas";"13_315";14,67;9,57;0,629222222;39,4611;49,8775;"Ventanas_2_3"
"30633";"Ventanas";"13_320";17,63;8,8;0,45;24,9775;60,1103;"Ventanas_2_4"
"30638";"Ventanas";"13_326";20,37;NA;0,493083333;22,2089;63,1069;"Ventanas_2_4"
"30644";"Ventanas";"13_333";11,14;12,15;0,47;29,7563;78,7987;"Ventanas_2_4"
"30649";"Ventanas";"13_339";10,31;NA;0,5392;33,1369;72,0057;"Ventanas_2_4"
"30655";"Ventanas";"13_345";25,5;NA;0,590804235;37,4441;78,2315;"Ventanas_2_4"
"30660";"Ventanas";"13_350";25,15;NA;0,408433333;39,1027;78,3429;"Ventanas_2_4"
"30665";"Ventanas";"13_355";18,65;10,15;0,4;34,0493;62,6393;"Ventanas_2_4"
"30670";"Ventanas";"13_360";10,92;NA;0,45;39,1871;69,5685;"Ventanas_2_4"
"30675";"Ventanas";"13_365";18,21;NA;0,79817;22,7159;81,0583;"Ventanas_2_5"
"30681";"Ventanas";"13_371";14,96;19,63;0,533541667;29,1501;85,7751;"Ventanas_2_5"
"30686";"Ventanas";"13_376";23,49;NA;0,590804235;20,4799;91,2025;"Ventanas_2_5"
"30691";"Ventanas";"13_381";14,45;NA;0,79817;32,2347;93,1421;"Ventanas_2_5"
"30698";"Ventanas";"13_388";16,78;NA;0,640166667;35,8723;96,8911;"Ventanas_2_5"
"30703";"Ventanas";"13_393";13,08;NA;0,590804235;39,7049;91,9991;"Ventanas_2_5"
"30708";"Ventanas";"13_400";12,35;NA;0,590804235;39,1389;89,2307;"Ventanas_2_5"
"30713";"Ventanas";"13_406";12,64;10,84;0,590804235;38,9669;81,9949;"Ventanas_2_5"
"30718";"Ventanas";"13_411";10,09;NA;0,5627;42,3631;2,9895;"Ventanas_3_1"
"30723";"Ventanas";"13_416";11,46;NA;0,58;48,8769;3,3707;"Ventanas_3_1"
"30728";"Ventanas";"13_423";17,32;NA;0,5392;43,2759;17,3323;"Ventanas_3_1"
"30733";"Ventanas";"13_428";22,22;NA;0,596666667;53,6397;12,3865;"Ventanas_3_1"
"30738";"Ventanas";"13_433";17,54;NA;0,596666667;52,0751;1,0727;"Ventanas_3_1"
"30743";"Ventanas";"13_438";12,1;5,83;0,539081638;53,8093;4,3251;"Ventanas_3_1"
"30748";"Ventanas";"13_445";15,63;13,27;0,577092593;41,6575;28,2829;"Ventanas_3_2"
"30754";"Ventanas";"13_451";15,66;NA;0,590804235;40,9281;32,1003;"Ventanas_3_2"
"30759";"Ventanas";"13_456";11,84;NA;0,590804235;42,4805;39,0947;"Ventanas_3_2"
"30764";"Ventanas";"13_463";22,35;NA;0,577092593;52,1315;35,4341;"Ventanas_3_2"
"30769";"Ventanas";"13_468";16,23;NA;0,69;55,7217;36,6889;"Ventanas_3_2"
"30774";"Ventanas";"13_473";11,3;9,67;0,493083333;52,4505;20,4527;"Ventanas_3_2"
"30779";"Ventanas";"13_478";11,94;NA;0,577092593;56,1795;28,6627;"Ventanas_3_2"
"30784";"Ventanas";"13_485";15,53;NA;0,510402667;41,6813;49,7463;"Ventanas_3_3"
"30789";"Ventanas";"13_490";13,34;NA;0,590804235;44,2669;50,0815;"Ventanas_3_3"
"30794";"Ventanas";"13_495";11,01;7,28;0,647;46,8677;53,0113;"Ventanas_3_3"
"30799";"Ventanas";"13_500";34,28;NA;0,590804235;51,9995;54,1457;"Ventanas_3_3"
"30804";"Ventanas";"13_505";10,47;NA;0,676428571;54,4925;57,5031;"Ventanas_3_3"
"30809";"Ventanas";"13_512";18,4;11,95;0,493083333;57,2419;54,5989;"Ventanas_3_3"
"30814";"Ventanas";"13_517";18,94;11,43;0,45;51,6885;42,9791;"Ventanas_3_3"
"30819";"Ventanas";"13_522";15,37;NA;0,493083333;57,4081;42,7029;"Ventanas_3_3"
"30824";"Ventanas";"13_527";11,3;NA;0,408433333;43,0583;61,1615;"Ventanas_3_4"
"30829";"Ventanas";"13_533";16,23;NA;0,590804235;47,3069;68,4467;"Ventanas_3_4"
"30835";"Ventanas";"13_539";29,6;19,81;0,590804235;46,1637;61,6815;"Ventanas_3_4"
"30841";"Ventanas";"13_546";14,64;NA;0,590804235;48,7787;76,0771;"Ventanas_3_4"
"30846";"Ventanas";"13_552";13,69;11,4;0,493083333;48,5477;70,1537;"Ventanas_3_4"
"30851";"Ventanas";"13_557";16,17;NA;0,539081638;56,3315;78,3197;"Ventanas_3_4"
"30856";"Ventanas";"13_562";15,76;NA;0,45;52,2421;66,8537;"Ventanas_3_4"
"30861";"Ventanas";"13_567";15,02;NA;0,722760274;59,5349;61,1705;"Ventanas_3_4"
"30866";"Ventanas";"13_573";10,38;NA;0,69;42,5667;84,7811;"Ventanas_3_5"
"30872";"Ventanas";"13_580";10,41;NA;0,577092593;49,3077;86,1609;"Ventanas_3_5"
"30877";"Ventanas";"13_585";16,71;NA;0,577092593;43,7943;92,3673;"Ventanas_3_5"
"30882";"Ventanas";"13_590";11,96845172;12,03;0,408433333;48,7889;91,4163;"Ventanas_3_5"
"30887";"Ventanas";"13_600";10,15;NA;0,577092593;52,3269;82,4375;"Ventanas_3_5"
"30892";"Ventanas";"13_605";29,92;NA;0,493083333;56,7191;81,4651;"Ventanas_3_5"
"30897";"Ventanas";"13_612";31,85;NA;0,408433333;62,5701;16,6567;"Ventanas_4_1"
"30902";"Ventanas";"13_618";12,92;NA;0,590804235;71,9803;10,8049;"Ventanas_4_1"
"30907";"Ventanas";"13_623";22,92;NA;0,590804235;75,5133;17,8415;"Ventanas_4_1"
"30914";"Ventanas";"13_631";15,37;NA;0,408433333;73,9779;6,6699;"Ventanas_4_1"
"30920";"Ventanas";"13_637";11,05;NA;0,722760274;76,8253;3,7723;"Ventanas_4_1"
"30925";"Ventanas";"13_643";13,08;13,31;0,590804235;63,6231;23,2719;"Ventanas_4_2"
"30930";"Ventanas";"13_648";31,6;NA;0,590804235;68,6147;25,9375;"Ventanas_4_2"
"30935";"Ventanas";"13_653";21,61;NA;0,590804235;63,0203;32,9681;"Ventanas_4_2"
"30940";"Ventanas";"13_659";10,44;12,87;0,590804235;62,4289;38,4907;"Ventanas_4_2"
"30945";"Ventanas";"13_664";12,51;NA;0,5627;66,0521;39,6735;"Ventanas_4_2"
"30950";"Ventanas";"13_669";12,45;8,74;0,533541667;66,4883;34,7869;"Ventanas_4_2"
"30956";"Ventanas";"13_676";17,22;NA;0,8155;71,2131;34,6201;"Ventanas_4_2"
"30961";"Ventanas";"13_682";15,18;NA;0,408433333;78,5865;37,6303;"Ventanas_4_2"
"30966";"Ventanas";"13_687";11,5;NA;0,577092593;76,6827;33,0845;"Ventanas_4_2"
"30971";"Ventanas";"13_692";16,36;10,72;0,612571429;60,9577;41,9817;"Ventanas_4_3"
"30978";"Ventanas";"13_699";10,41;NA;0,576666667;64,9763;53,3161;"Ventanas_4_3"
"30983";"Ventanas";"13_705";10,44;13,41;0,5392;65,6767;58,8851;"Ventanas_4_3"
"30988";"Ventanas";"13_710";16,3;NA;0,514030303;68,0053;52,8679;"Ventanas_4_3"
"30994";"Ventanas";"13_716";11,84;8,51;0,58;78,2603;58,3335;"Ventanas_4_3"
"31001";"Ventanas";"13_723";14,17;NA;0,629222222;71,7069;45,1527;"Ventanas_4_3"
"31006";"Ventanas";"13_728";25,75;NA;0,69;79,5525;49,2441;"Ventanas_4_3"
"31011";"Ventanas";"13_733";13,21;NA;0,596666667;63,8981;63,7729;"Ventanas_4_4"
"31017";"Ventanas";"13_739";15,98;NA;0,514030303;66,2371;63,9001;"Ventanas_4_4"
"31023";"Ventanas";"13_748";17,16;NA;0,629222222;63,4745;77,6957;"Ventanas_4_4"
"31029";"Ventanas";"13_755";17,25;NA;0,722760274;72,1521;71,5041;"Ventanas_4_4"
"31034";"Ventanas";"13_762";12,48;NA;0,590804235;76,0181;79,6383;"Ventanas_4_4"
"31039";"Ventanas";"13_768";10,47;NA;0,5392;75,8391;73,3411;"Ventanas_4_4"
"31044";"Ventanas";"13_773";10,82;NA;0,722760274;72,1113;64,4381;"Ventanas_4_4"
"31049";"Ventanas";"13_778";15,06;NA;0,5392;64,6023;84,0299;"Ventanas_4_5"
"31054";"Ventanas";"13_784";13,53;NA;0,514030303;62,5923;84,1055;"Ventanas_4_5"
"31059";"Ventanas";"13_789";15,53;NA;0,629222222;66,0595;86,8965;"Ventanas_4_5"
"31064";"Ventanas";"13_795";10,85;12,06;0,5392;67,8217;92,8473;"Ventanas_4_5"
"31070";"Ventanas";"13_801";11,46;NA;0,676428571;73,7957;95,0605;"Ventanas_4_5"
"31075";"Ventanas";"13_807";12,96;NA;0,590804235;79,2219;99,664;"Ventanas_4_5"
"31080";"Ventanas";"13_812";10,5;NA;0,394552976;76,1423;93,0111;"Ventanas_4_5"
"31086";"Ventanas";"13_820";18,08;NA;0,394552976;78,5841;81,4127;"Ventanas_4_5"
"31091";"Ventanas";"13_825";11,68;10,98;0,47;85,6839;8,4661;"Ventanas_5_1"
"31096";"Ventanas";"13_831";25,85;NA;0,493083333;83,0665;17,3903;"Ventanas_5_1"
"31102";"Ventanas";"13_837";10,95;NA;0,493083333;92,0035;13,3275;"Ventanas_5_1"
"31107";"Ventanas";"13_842";19,61;NA;0,69;95,9771;17,0691;"Ventanas_5_1"
"31112";"Ventanas";"13_847";13,34;11,88;0,577092593;95,2087;4,7395;"Ventanas_5_1"
"31117";"Ventanas";"13_852";17,99;NA;0,69;83,6873;22,1829;"Ventanas_5_2"
"31123";"Ventanas";"13_858";18,59;NA;0,590804235;88,4479;25,0309;"Ventanas_5_2"
"31129";"Ventanas";"13_864";16,71;NA;0,408433333;88,2949;37,3763;"Ventanas_5_2"
"31134";"Ventanas";"13_869";16,35;NA;0,577092593;94,2015;34,6673;"Ventanas_5_2"
"31140";"Ventanas";"13_875";19,93;NA;0,69;98,2517;29,1603;"Ventanas_5_2"
"31146";"Ventanas";"13_881";12,64;NA;0,590804235;82,0729;43,4779;"Ventanas_5_3"
"31151";"Ventanas";"13_886";10,12;NA;0,539081638;81,2467;57,0981;"Ventanas_5_3"
"31158";"Ventanas";"13_893";18,78;NA;0,629222222;85,4729;59,5647;"Ventanas_5_3"
"31163";"Ventanas";"13_898";20,75;NA;0,590804235;90,7113;53,9665;"Ventanas_5_3"
"31168";"Ventanas";"13_903";26,55;NA;0,590804235;98,8357;52,4681;"Ventanas_5_3"
"31173";"Ventanas";"13_908";13,43;NA;0,577092593;98,1641;40,3629;"Ventanas_5_3"
"31178";"Ventanas";"13_913";15,09;NA;0,514030303;95,5877;41,3137;"Ventanas_5_3"
"31183";"Ventanas";"13_920";13,75;9,39;0,514030303;82,1711;69,1017;"Ventanas_5_4"
"31189";"Ventanas";"13_926";14,04;NA;0,590804235;87,6581;65,6861;"Ventanas_5_4"
"31195";"Ventanas";"13_932";13,24;11,4;0,722760274;88,2939;74,7223;"Ventanas_5_4"
"31201";"Ventanas";"13_938";13,4;11,93;0,5185;86,6963;72,2085;"Ventanas_5_4"
"31206";"Ventanas";"13_943";11,62;NA;0,577092593;94,3007;77,9417;"Ventanas_5_4"
"31211";"Ventanas";"13_948";13,18;12,97;0,69;98,5903;71,1643;"Ventanas_5_4"
"31216";"Ventanas";"13_953";25;NA;0,533541667;92,1709;69,7435;"Ventanas_5_4"
"31222";"Ventanas";"13_959";10;9,18;0,8155;83,6261;81,4515;"Ventanas_5_5"
"31227";"Ventanas";"13_964";23,08;NA;0,5185;84,9757;88,6187;"Ventanas_5_5"
"31232";"Ventanas";"13_969";17,35;NA;0,408433333;84,1615;93,8703;"Ventanas_5_5"
"31237";"Ventanas";"13_974";25,5;NA;0,31125;89,1509;90,8943;"Ventanas_5_5"
"31242";"Ventanas";"13_979";11,75;NA;0,5627;91,8221;97,1485;"Ventanas_5_5"
"31247";"Ventanas";"13_984";12,19;NA;0,590804235;95,4275;97,2475;"Ventanas_5_5"
"31252";"Ventanas";"13_989";27,38;NA;0,5185;91,4785;85,1585;"Ventanas_5_5"
"31257";"Ventanas";"13_994";16,62;NA;0,647;97,0603;89,7721;"Ventanas_5_5"
"33255";"Ventanas";"13_133A";24,77;17,01;0,510402667;6,9113;70,1081;"Ventanas_1_4"
"33404";"Ventanas";"13_322A";15,44;NA;0,71;23,5335;62,7487;"Ventanas_2_4"
"33409";"Ventanas";"13_459A";20,47;NA;0,4;49,4999;35,1769;"Ventanas_3_2"
"33415";"Ventanas";"13_742A";12,67;NA;0,590804235;64,1439;74,8111;"Ventanas_4_4"
"33420";"Ventanas";"13_929A";12,92;NA;0,590804235;89,8409;61,0663;"Ventanas_5_4"
